student_id,age,gender,study_hours_per_day,social_media_hours,attendance_percentage,sleep_hours,diet_quality,exercise_frequency,parental_education_level,internet_quality,mental_health_rating,extracurricular_participation,exam_score,python_marks,mathematics_marks,dbms_marks
S1000,23,Female,0,1.2,85.0,8,Fair,6,Master,Average,8,Yes,56.2,78,68,87
S1001,20,Female,6,2.8,97.3,4,Good,6,High School,Average,8,No,100.0,91,73,92
S1002,21,Male,1,3.1,94.8,8,Poor,1,High School,Poor,1,No,34.3,68,60,67
S1003,23,Female,1,3.9,71.0,9,Poor,4,Master,Good,1,Yes,26.8,54,68,50
S1004,19,Female,5,4.4,90.9,4,Fair,3,Master,Good,1,No,66.4,82,88,90
S1005,24,Male,7,1.3,82.9,7,Fair,1,Master,Average,4,No,100.0,47,37,94
S1006,21,Female,5,1.5,85.8,6,Good,2,Master,Poor,4,No,89.8,60,84,88
S1007,21,Female,4,1.0,77.7,4,Fair,0,Bachelor,Average,8,No,72.6,78,46,87
S1008,23,Female,4,2.2,100.0,7,Good,3,Bachelor,Good,1,No,78.9,97,99,89
S1009,18,Female,4,3.1,95.4,7,Good,5,Bachelor,Good,10,Yes,100.0,58,88,65
S1010,19,Female,4,3.7,77.6,5,Fair,1,None,Good,3,No,63.3,62,39,67
S1011,23,Male,3,2.4,71.7,7,Fair,2,Bachelor,Average,1,No,74.4,50,91,87
S1012,19,Female,3,2.1,81.1,4,Fair,1,Bachelor,Good,9,No,76.9,50,51,99
S1013,19,Female,3,2.7,89.3,4,Fair,4,Bachelor,Good,10,No,75.8,63,81,60
S1014,24,Male,2,1.5,87.4,6,Poor,6,Bachelor,Average,9,No,78.9,92,57,91
S1015,21,Male,3,5.0,97.5,6,Good,6,High School,Average,7,No,74.0,75,48,97
S1016,20,Male,1,0.6,92.9,5,Poor,3,High School,Poor,8,Yes,55.2,79,85,59
S1017,24,Female,3,2.7,94.7,7,Poor,0,High School,Average,1,Yes,70.8,63,72,69
S1018,24,Other,2,4.9,88.3,7,Good,2,High School,Good,5,No,43.9,42,98,80
S1019,19,Male,1,2.5,71.1,7,Fair,1,High School,Average,2,No,45.3,61,72,55
S1020,22,Female,3,2.3,83.0,6,Good,3,Master,Good,1,No,58.5,92,84,95
S1021,21,Male,5,2.1,95.6,7,Fair,1,High School,Good,3,No,82.5,41,64,59
S1022,18,Other,4,2.3,84.5,6,Fair,3,High School,Average,7,No,98.7,63,85,48
S1023,24,Female,1,4.1,90.0,9,Fair,6,Bachelor,Good,1,No,43.7,83,97,65
S1024,20,Female,2,0.0,81.8,5,Fair,4,Bachelor,Average,2,No,54.9,69,86,57
S1025,22,Male,4,4.3,74.7,9,Fair,1,High School,Average,2,Yes,69.9,77,72,66
S1026,22,Male,2,0.8,83.8,6,Good,4,Bachelor,Poor,4,No,73.5,41,64,63
S1027,18,Male,3,2.2,88.1,4,Fair,5,Bachelor,Average,3,No,71.1,99,85,78
S1028,24,Male,4,2.0,78.4,8,Good,5,High School,Poor,3,Yes,82.8,60,39,58
S1029,20,Female,2,3.2,82.6,6,Poor,6,High School,Poor,10,Yes,75.7,72,63,48
S1030,21,Female,3,0.6,75.6,7,Fair,2,Master,Average,5,No,70.6,51,38,92
S1031,17,Other,1,3.1,96.2,8,Fair,4,Bachelor,Average,3,Yes,51.3,97,44,97
S1032,20,Other,2,4.9,82.1,6,Good,3,Bachelor,Good,7,No,52.1,61,90,96
S1033,18,Female,4,0.9,99.5,5,Poor,2,None,Average,5,No,70.7,83,51,90
S1034,22,Female,1,2.7,100.0,7,Fair,1,High School,Good,4,No,51.2,64,51,71
S1035,21,Female,4,1.7,84.2,6,Good,1,Bachelor,Average,3,No,72.6,88,68,73
S1036,20,Female,3,3.0,74.9,7,Fair,3,High School,Good,4,No,70.7,66,40,91
S1037,17,Male,4,2.5,64.1,3,Good,0,High School,Average,2,No,59.4,98,87,72
S1038,17,Male,3,1.7,70.3,7,Poor,0,Bachelor,Good,1,No,58.1,81,77,79
S1039,19,Male,5,3.1,71.3,5,Good,1,High School,Average,3,No,82.3,67,57,52
S1040,19,Female,3,4.7,98.8,8,Good,6,Bachelor,Good,2,No,69.7,99,89,60
S1041,23,Female,2,2.3,86.2,7,Good,6,Bachelor,Average,1,No,66.0,55,50,86
S1042,18,Male,3,3.4,88.9,6,Fair,3,High School,Poor,1,Yes,63.5,54,42,80
S1043,24,Female,4,0.9,62.8,7,Poor,0,Bachelor,Good,2,No,65.7,86,38,74
S1044,20,Female,3,1.4,73.0,5,Good,4,High School,Poor,9,No,78.5,90,38,62
S1045,20,Male,3,3.1,93.9,8,Fair,1,Bachelor,Average,5,Yes,75.1,83,90,46
S1046,24,Male,2,4.3,87.9,8,Poor,5,High School,Average,9,Yes,71.0,94,59,93
S1047,23,Female,2,2.9,83.5,7,Good,4,None,Good,8,Yes,59.7,91,61,57
S1048,22,Female,1,2.1,90.6,8,Fair,3,Bachelor,Good,6,No,52.6,96,66,48
S1049,22,Female,6,2.5,100.0,5,Poor,5,High School,Average,1,No,96.5,42,84,70
S1050,23,Female,1,1.0,82.8,5,Fair,4,Master,Good,10,Yes,62.0,76,95,69
S1051,22,Female,2,3.2,85.7,6,Poor,0,High School,Average,5,No,59.7,90,85,74
S1052,19,Female,2,3.6,86.9,7,Fair,6,High School,Average,1,No,48.4,46,53,55
S1053,20,Female,4,2.0,100.0,6,Good,0,Bachelor,Good,7,Yes,70.6,60,55,51
S1054,23,Female,3,1.9,64.0,7,Fair,5,High School,Good,10,No,68.1,48,39,75
S1055,20,Male,5,2.8,91.8,6,Good,2,High School,Good,8,No,87.2,78,76,88
S1056,24,Male,2,2.0,83.9,5,Good,6,Bachelor,Average,8,No,66.7,57,95,54
S1057,17,Male,3,2.4,90.7,7,Good,1,Bachelor,Average,7,Yes,75.2,43,56,83
S1058,19,Female,2,5.0,78.4,7,Poor,5,Master,Average,2,Yes,46.4,64,55,57
S1059,21,Female,6,2.2,84.5,6,Good,3,Master,Average,5,Yes,97.1,99,35,75
S1060,19,Female,1,2.1,92.1,7,Fair,1,High School,Average,4,No,61.2,53,39,51
S1061,23,Male,4,1.7,100.0,5,Fair,4,Bachelor,Good,5,No,75.0,89,46,93
S1062,21,Male,4,3.4,93.1,7,Good,6,High School,Good,10,No,94.7,97,80,86
S1063,17,Male,4,2.3,76.5,5,Fair,3,Bachelor,Average,9,No,77.6,48,68,86
S1064,23,Male,3,1.7,80.8,5,Good,3,High School,Poor,4,Yes,68.6,65,83,80
S1065,18,Female,3,4.1,80.5,5,Poor,0,Master,Good,8,No,69.6,92,79,64
S1066,20,Male,3,4.2,67.0,5,Good,4,Bachelor,Average,8,No,66.5,41,61,48
S1067,17,Male,3,1.8,81.7,5,Poor,0,Master,Good,2,No,62.2,59,60,98
S1068,20,Female,4,0.3,92.3,6,Good,0,Bachelor,Poor,6,No,82.1,67,81,51
S1069,22,Male,6,3.7,72.3,7,Poor,6,Master,Average,5,No,100.0,86,90,98
S1070,18,Female,2,1.7,95.5,6,Poor,2,Bachelor,Good,2,Yes,59.7,99,97,45
S1071,18,Female,1,3.4,89.9,4,Fair,0,High School,Poor,10,Yes,55.1,46,82,88
S1072,17,Male,3,0.1,77.7,7,Fair,1,High School,Average,4,Yes,77.1,83,95,89
S1073,18,Female,7,3.6,83.6,5,Fair,3,High School,Average,7,Yes,97.7,47,60,86
S1074,21,Female,2,1.0,100.0,6,Fair,6,None,Good,1,No,66.9,86,70,91
S1075,18,Female,6,3.4,92.3,7,Fair,0,Bachelor,Good,9,Yes,99.9,74,35,57
S1076,20,Male,6,2.5,85.1,6,Poor,5,Bachelor,Average,10,Yes,100.0,53,42,99
S1077,20,Female,2,1.4,82.6,7,Fair,1,Bachelor,Poor,1,No,57.2,56,86,66
S1078,23,Female,4,2.0,85.8,7,Good,4,Master,Good,5,No,77.3,75,81,98
S1079,20,Male,5,3.3,79.9,5,Good,3,Master,Average,7,No,91.6,89,90,65
S1080,23,Male,2,2.6,64.0,9,Good,6,High School,Good,8,No,70.7,79,48,66
S1081,20,Other,3,3.2,100.0,6,Good,5,High School,Poor,2,No,57.6,43,62,72
S1082,21,Female,2,4.9,86.6,6,Fair,6,High School,Poor,4,No,60.2,41,36,53
S1083,24,Male,2,0.6,89.0,7,Poor,6,High School,Good,2,Yes,50.5,45,60,70
S1084,23,Female,2,4.4,84.4,6,Fair,5,Bachelor,Average,4,No,51.3,93,48,53
S1085,19,Male,1,2.6,77.6,7,Good,4,Bachelor,Good,6,No,53.5,81,93,59
S1086,22,Male,3,1.4,83.1,9,Good,5,Bachelor,Poor,6,No,79.2,43,90,54
S1087,17,Male,2,0.9,69.0,6,Fair,1,Master,Average,2,Yes,47.2,93,41,68
S1088,20,Male,3,2.3,100.0,6,Poor,6,Bachelor,Good,4,No,73.4,68,37,86
S1089,18,Male,1,3.6,72.7,6,Poor,4,High School,Average,4,Yes,41.1,57,57,52
S1090,24,Male,4,2.3,74.7,7,Fair,6,Bachelor,Good,1,No,77.8,65,52,68
S1091,20,Female,4,4.3,80.6,4,Fair,5,High School,Average,2,No,63.4,83,72,60
S1092,18,Male,0,0.8,97.9,4,Poor,4,High School,Good,3,No,43.9,73,49,93
S1093,22,Male,4,2.5,85.1,5,Good,4,None,Good,5,No,70.2,49,98,70
S1094,22,Female,5,1.0,72.6,4,Fair,0,High School,Average,8,No,81.3,75,62,71
S1095,22,Male,1,2.9,97.5,6,Good,0,High School,Good,6,No,50.2,53,73,81
S1096,18,Female,6,3.6,92.3,7,Good,0,High School,Good,3,No,87.9,70,91,48
S1097,20,Male,4,2.0,90.4,5,Good,5,Bachelor,Average,6,No,80.9,87,51,94
S1098,22,Male,2,0.0,92.2,4,Good,3,Bachelor,Good,7,Yes,63.9,54,78,68
S1099,21,Male,3,2.7,100.0,6,Good,1,High School,Good,6,No,65.6,47,59,63
S1100,23,Male,4,3.0,100.0,7,Good,5,None,Average,10,Yes,93.2,53,51,80
S1101,18,Male,3,3.0,78.1,4,Good,6,Bachelor,Average,6,No,74.0,62,47,83
S1102,18,Male,4,4.0,100.0,7,Fair,0,None,Average,1,No,60.8,99,59,54
S1103,20,Male,2,1.2,88.8,7,Good,4,Master,Average,3,No,50.4,96,44,69
S1104,18,Male,3,3.3,90.0,7,Good,5,Bachelor,Good,7,No,74.3,79,52,62
S1105,18,Male,1,3.9,68.1,8,Good,4,High School,Average,4,Yes,32.8,60,68,63
S1106,22,Male,3,0.4,83.3,9,Good,6,High School,Good,4,Yes,82.3,55,42,80
S1107,20,Male,2,2.9,76.9,6,Fair,4,None,Average,7,No,60.4,84,74,54
S1108,22,Female,2,1.9,93.3,6,Poor,4,High School,Average,9,Yes,60.0,57,76,77
S1109,23,Female,5,2.4,95.7,6,Fair,2,High School,Good,2,No,77.5,86,75,99
S1110,24,Male,5,2.9,64.3,6,Fair,3,Bachelor,Average,9,Yes,86.5,92,40,94
S1111,23,Female,4,1.9,84.8,8,Good,1,High School,Average,3,No,76.9,63,86,49
S1112,24,Female,1,1.7,96.2,4,Fair,1,Bachelor,Poor,6,Yes,43.9,65,60,91
S1113,22,Male,3,2.5,83.1,5,Fair,0,Bachelor,Average,4,No,51.3,64,98,93
S1114,23,Female,5,1.2,92.3,8,Fair,2,High School,Average,1,No,83.3,99,93,79
S1115,20,Female,3,1.2,88.5,7,Poor,5,None,Good,9,No,82.7,99,90,88
S1116,17,Male,7,3.3,88.4,6,Good,5,None,Average,6,Yes,94.8,99,93,78
S1117,22,Male,4,1.1,82.3,7,Good,1,None,Good,8,No,80.8,84,67,77
S1118,24,Female,3,3.3,72.8,6,Poor,3,Bachelor,Good,2,Yes,58.3,80,87,99
S1119,21,Female,3,3.1,73.8,8,Fair,4,High School,Average,7,No,66.3,68,56,65
S1120,24,Male,3,0.4,92.1,6,Fair,6,Bachelor,Average,6,No,87.9,54,55,61
S1121,21,Male,3,1.7,85.2,7,Poor,0,High School,Good,2,No,60.5,84,38,66
S1122,18,Male,4,3.9,83.6,9,Poor,3,High School,Good,2,No,84.8,40,96,92
S1123,23,Female,4,1.3,80.8,7,Good,1,Bachelor,Average,4,No,77.0,64,96,81
S1124,21,Female,2,1.9,81.9,6,Fair,2,Bachelor,Average,4,No,61.7,46,58,59
S1125,24,Male,1,3.1,95.5,7,Fair,0,High School,Average,3,No,44.0,48,89,79
S1126,18,Male,0,3.4,81.6,6,Poor,1,High School,Poor,8,No,42.4,63,43,72
S1127,17,Female,4,2.2,71.6,9,Good,5,Bachelor,Good,7,No,88.0,40,37,51
S1128,20,Male,1,1.8,92.4,6,Good,0,High School,Good,2,No,48.7,83,65,76
S1129,20,Male,0,4.2,83.0,6,Good,1,High School,Average,3,Yes,26.8,47,74,55
S1130,20,Female,4,4.6,85.3,5,Poor,5,Bachelor,Good,10,No,81.6,63,70,54
S1131,21,Female,7,3.7,100.0,7,Good,6,High School,Good,9,No,100.0,50,58,53
S1132,17,Female,3,2.6,84.8,7,Fair,5,Bachelor,Average,5,Yes,74.0,90,40,58
S1133,21,Female,4,1.5,87.9,5,Fair,4,Bachelor,Poor,2,Yes,78.4,56,38,57
S1134,23,Male,3,1.5,73.2,7,Fair,2,Bachelor,Good,3,No,70.7,47,40,69
S1135,21,Male,3,3.1,82.8,4,Fair,4,Bachelor,Good,8,No,74.3,74,85,46
S1136,17,Female,4,3.0,91.1,6,Good,1,Bachelor,Good,4,No,67.6,74,96,79
S1137,17,Male,3,4.2,69.4,7,Good,6,Bachelor,Poor,2,No,64.7,72,91,51
S1138,23,Male,3,3.3,87.0,8,Fair,3,Master,Average,2,No,64.1,98,42,65
S1139,17,Male,4,0.7,86.0,5,Good,6,High School,Poor,6,No,83.5,44,60,62
S1140,24,Male,2,3.8,85.4,5,Good,6,High School,Good,8,No,63.4,81,85,47
S1141,17,Male,5,1.3,95.4,5,Good,6,Bachelor,Good,7,No,96.2,78,79,86
S1142,20,Male,3,2.0,88.3,4,Fair,4,Bachelor,Poor,4,Yes,65.4,97,78,98
S1143,24,Male,2,2.8,99.8,8,Fair,3,None,Good,2,No,62.0,80,39,83
S1144,24,Male,4,4.9,75.1,8,Fair,5,Master,Good,9,Yes,74.0,67,60,85
S1145,23,Female,2,6.2,86.4,6,Good,1,None,Good,4,No,46.7,46,53,93
S1146,19,Female,3,3.2,85.8,8,Poor,2,Bachelor,Good,9,No,75.5,48,54,55
S1147,19,Female,3,2.3,74.3,6,Fair,3,Bachelor,Poor,5,Yes,78.1,47,46,83
S1148,17,Female,5,3.1,94.6,6,Fair,1,Master,Good,7,No,85.2,51,81,68
S1149,24,Female,4,3.6,100.0,6,Fair,3,None,Poor,5,No,75.4,73,35,90
S1150,19,Male,3,2.1,84.8,6,Good,4,Bachelor,Average,2,No,64.2,72,48,63
S1151,19,Female,4,4.7,90.1,4,Good,1,High School,Good,6,No,69.7,87,98,48
S1152,17,Female,5,2.8,85.8,6,Good,4,High School,Good,7,No,90.3,94,72,70
S1153,19,Female,4,3.1,77.9,6,Good,0,None,Average,6,No,81.4,62,71,82
S1154,21,Male,3,3.3,66.8,7,Fair,1,Bachelor,Good,3,No,65.0,63,45,86
S1155,18,Male,1,3.0,77.9,6,Fair,3,High School,Good,10,No,57.3,76,37,76
S1156,23,Male,1,3.5,71.1,6,Fair,0,High School,Good,8,No,57.7,74,67,83
S1157,18,Male,3,1.8,100.0,5,Poor,4,Bachelor,Poor,3,No,56.7,83,40,89
S1158,17,Female,2,1.8,83.8,6,Fair,4,Bachelor,Good,5,Yes,62.3,79,84,90
S1159,20,Female,3,1.2,81.5,7,Good,3,Bachelor,Average,9,No,77.9,61,44,80
S1160,23,Male,3,3.0,93.9,5,Fair,0,Master,Average,5,No,65.2,66,39,84
S1161,17,Other,4,3.4,73.8,6,Good,6,High School,Average,7,No,76.8,74,57,81
S1162,24,Female,3,3.0,77.3,6,Fair,5,Master,Average,7,No,83.8,40,44,77
S1163,20,Male,4,4.5,85.7,5,Poor,2,Master,Good,5,No,70.6,74,78,80
S1164,18,Male,3,2.5,95.3,5,Poor,3,High School,Average,2,Yes,63.1,76,36,47
S1165,17,Male,0,3.3,90.0,6,Fair,4,High School,Good,5,No,39.0,86,47,53
S1166,24,Male,2,1.2,87.5,5,Fair,1,High School,Average,7,No,66.7,53,74,52
S1167,23,Male,3,2.0,85.8,6,Poor,0,High School,Good,7,No,72.2,42,36,77
S1168,23,Male,1,3.3,89.0,5,Fair,5,Bachelor,Good,4,Yes,50.1,40,99,50
S1169,22,Male,4,3.5,87.0,7,Fair,2,Bachelor,Good,1,No,62.4,44,97,85
S1170,24,Male,5,2.1,74.7,9,Fair,1,Bachelor,Good,6,No,96.6,65,51,83
S1171,21,Female,5,2.4,85.5,5,Good,0,Bachelor,Good,3,Yes,85.8,94,43,48
S1172,19,Male,3,0.7,74.3,7,Good,5,High School,Good,5,No,68.3,53,49,57
S1173,20,Female,5,2.1,85.8,5,Fair,3,Master,Good,4,Yes,83.8,78,58,93
S1174,24,Male,3,3.6,80.2,7,Good,5,High School,Poor,2,No,69.3,66,72,46
S1175,22,Other,3,3.2,100.0,5,Good,3,Master,Good,7,No,65.3,48,69,49
S1176,19,Male,2,3.1,84.6,7,Good,6,High School,Average,5,Yes,77.5,54,83,88
S1177,19,Male,3,2.6,71.0,5,Fair,0,Master,Average,7,Yes,55.0,54,96,71
S1178,17,Other,2,2.5,83.7,6,Poor,5,None,Good,9,No,65.2,65,94,76
S1179,19,Female,3,1.7,90.2,5,Good,2,High School,Average,4,No,58.1,81,84,65
S1180,21,Female,3,3.3,100.0,7,Fair,5,None,Good,5,No,69.2,99,43,52
S1181,23,Male,3,3.0,79.1,5,Good,0,Bachelor,Average,9,No,67.4,52,68,82
S1182,22,Male,4,3.1,69.2,7,Good,1,Master,Poor,10,No,79.9,90,69,52
S1183,19,Female,5,1.9,93.2,6,Fair,1,High School,Average,4,Yes,85.7,71,35,94
S1184,17,Female,4,0.0,71.2,6,Fair,5,Master,Poor,5,No,96.2,78,74,47
S1185,21,Female,1,3.8,80.6,6,Fair,5,Bachelor,Good,5,No,40.4,88,98,98
S1186,18,Female,0,1.9,82.4,5,Fair,3,Bachelor,Average,8,No,55.2,91,56,88
S1187,23,Male,4,1.5,84.3,6,Fair,0,Bachelor,Average,4,No,73.8,71,94,47
S1188,23,Female,1,3.3,91.9,8,Fair,3,High School,Poor,4,Yes,46.5,43,98,66
S1189,22,Male,3,2.0,78.2,5,Fair,2,High School,Average,7,Yes,60.5,69,45,50
S1190,23,Male,1,3.8,82.3,7,Poor,6,Master,Good,5,No,55.4,76,48,46
S1191,19,Male,0,3.2,84.9,8,Good,1,Master,Average,6,No,45.1,62,94,67
S1192,17,Female,4,3.3,86.5,5,Poor,4,Master,Good,6,No,69.4,78,64,88
S1193,23,Male,4,0.9,86.0,4,Good,4,Master,Good,6,No,81.3,84,69,46
S1194,23,Male,2,4.0,89.4,6,Good,0,High School,Good,10,No,66.6,54,71,82
S1195,18,Female,0,2.8,93.4,5,Fair,0,Bachelor,Good,5,No,26.7,82,39,61
S1196,18,Male,2,2.1,88.9,8,Good,4,High School,Poor,5,No,64.5,68,60,79
S1197,20,Female,4,2.7,89.5,6,Fair,0,Master,Average,9,Yes,87.1,75,96,78
S1198,21,Male,1,0.4,69.2,5,Good,1,High School,Good,8,Yes,42.2,52,38,67
S1199,19,Female,3,3.0,85.5,5,Fair,2,Bachelor,Good,4,No,61.6,71,76,74
S1200,23,Female,3,1.3,89.8,7,Fair,2,Bachelor,Good,7,No,81.9,46,52,96
S1201,24,Male,4,0.9,92.3,5,Fair,3,High School,Good,8,No,96.5,98,74,52
S1202,23,Male,3,0.7,78.1,6,Fair,1,None,Average,9,No,85.1,90,73,66
S1203,17,Male,2,3.8,78.4,7,Fair,6,Master,Poor,5,No,58.5,61,48,88
S1204,20,Male,5,1.7,79.3,5,Fair,0,Bachelor,Good,3,Yes,78.4,67,66,80
S1205,21,Other,3,4.3,90.4,6,Fair,0,High School,Good,4,No,56.4,41,85,49
S1206,24,Male,3,1.9,95.3,6,Poor,6,Bachelor,Average,10,Yes,92.6,81,72,57
S1207,20,Female,2,0.5,80.9,7,Poor,3,Bachelor,Good,6,Yes,62.3,84,57,73
S1208,22,Male,2,1.2,94.1,7,Fair,3,High School,Average,10,No,75.8,96,97,75
S1209,21,Female,2,4.0,86.2,6,Poor,0,High School,Average,5,Yes,47.1,92,49,91
S1210,23,Female,3,2.3,83.8,6,Poor,0,Master,Good,9,No,66.3,45,59,99
S1211,23,Female,6,1.8,82.9,6,Good,6,Bachelor,Good,3,Yes,98.3,67,51,60
S1212,21,Male,1,2.7,92.5,4,Poor,1,Bachelor,Average,2,Yes,29.7,67,87,86
S1213,23,Male,1,3.1,88.3,6,Good,6,Bachelor,Poor,6,No,45.5,83,85,74
S1214,19,Male,5,3.8,100.0,8,Fair,3,None,Average,7,No,100.0,83,73,99
S1215,21,Female,3,4.2,76.5,5,Good,6,High School,Good,5,Yes,67.5,59,85,60
S1216,20,Female,2,2.1,90.2,5,Fair,6,High School,Average,1,Yes,60.3,69,40,56
S1217,21,Other,5,0.9,79.7,5,Fair,6,High School,Good,3,No,87.0,50,41,61
S1218,24,Male,2,2.0,76.3,7,Fair,1,Bachelor,Good,3,No,48.5,97,85,60
S1219,23,Female,6,2.8,84.9,7,Fair,5,Master,Good,4,No,100.0,94,76,56
S1220,19,Female,4,1.3,86.4,6,Fair,0,High School,Average,10,No,82.1,67,98,52
S1221,19,Male,2,1.4,100.0,5,Poor,4,High School,Good,6,Yes,63.7,64,49,64
S1222,22,Male,6,2.9,83.2,6,Good,6,Bachelor,Average,5,No,100.0,78,63,47
S1223,20,Female,2,2.4,73.7,4,Fair,4,Master,Average,1,No,41.9,72,67,60
S1224,18,Female,4,2.5,87.7,6,Fair,5,Bachelor,Poor,6,No,72.7,40,61,74
S1225,18,Female,3,1.6,64.3,7,Good,0,Master,Average,9,Yes,74.3,96,70,89
S1226,21,Male,5,2.2,84.1,5,Fair,3,Bachelor,Good,1,No,88.7,66,63,67
S1227,22,Female,5,1.4,85.2,4,Good,4,Bachelor,Average,8,Yes,96.6,96,72,72
S1228,17,Male,3,3.6,92.9,8,Fair,3,High School,Average,8,Yes,72.6,91,91,95
S1229,21,Male,2,3.7,94.7,5,Good,4,High School,Good,3,Yes,52.4,52,61,84
S1230,22,Male,4,0.3,80.0,7,Poor,3,High School,Poor,9,Yes,100.0,80,89,98
S1231,20,Female,2,1.4,83.5,6,Good,6,Bachelor,Good,8,No,73.1,42,67,49
S1232,20,Female,6,0.7,77.3,6,Good,4,Master,Average,3,No,100.0,78,44,64
S1233,20,Female,3,1.7,73.7,7,Fair,3,Master,Poor,10,Yes,80.8,45,39,84
S1234,20,Male,3,2.4,88.1,5,Poor,5,High School,Good,5,No,62.9,47,72,88
S1235,20,Female,3,0.8,72.3,6,Fair,1,High School,Poor,3,No,71.5,66,47,45
S1236,22,Male,1,1.4,80.9,6,Good,3,High School,Good,5,No,46.2,48,65,74
S1237,22,Female,2,1.3,75.0,4,Fair,1,High School,Average,9,No,53.8,76,81,65
S1238,19,Male,5,2.7,90.5,6,Fair,1,Bachelor,Poor,4,Yes,74.2,72,86,64
S1239,24,Male,2,2.6,100.0,6,Poor,0,Master,Poor,6,No,52.5,90,90,50
S1240,18,Male,1,1.6,72.0,6,Fair,6,Master,Poor,3,No,51.2,81,49,66
S1241,23,Male,4,2.7,66.5,5,Fair,5,Bachelor,Poor,3,No,60.6,83,63,62
S1242,20,Female,5,1.8,83.8,8,Good,1,Bachelor,Good,5,No,91.5,63,42,52
S1243,17,Female,4,2.2,85.2,7,Fair,2,Bachelor,Average,8,No,87.3,54,39,83
S1244,23,Male,5,4.5,87.2,7,Good,6,High School,Average,8,No,98.0,98,63,76
S1245,22,Female,2,4.1,80.5,6,Fair,1,Bachelor,Average,3,Yes,47.9,93,81,77
S1246,17,Male,1,0.9,83.0,4,Poor,3,Bachelor,Good,8,No,51.0,71,79,97
S1247,17,Female,5,3.5,88.7,8,Fair,1,Bachelor,Good,8,Yes,90.0,71,36,60
S1248,17,Female,3,3.5,95.4,6,Fair,3,High School,Good,3,No,54.1,63,61,56
S1249,19,Female,3,1.1,65.4,5,Good,3,High School,Good,10,Yes,58.4,80,70,82
S1250,22,Male,5,3.5,81.3,7,Good,2,High School,Average,10,No,100.0,91,70,96
S1251,17,Female,4,4.3,87.1,7,Fair,1,Master,Average,2,No,65.2,88,60,78
S1252,20,Female,4,1.2,75.8,6,Fair,1,High School,Good,10,No,85.3,88,77,58
S1253,21,Male,6,1.4,100.0,8,Fair,4,Bachelor,Good,2,No,93.8,97,61,80
S1254,17,Male,2,3.7,78.6,7,Good,6,Bachelor,Average,9,No,78.8,91,54,77
S1255,19,Female,4,2.8,84.6,5,Good,4,High School,Average,7,No,85.0,51,45,67
S1256,23,Female,3,3.2,90.6,5,Good,0,Bachelor,Good,6,No,64.5,78,72,94
S1257,22,Female,3,2.9,79.1,7,Fair,3,Master,Good,7,No,71.0,41,40,89
S1258,24,Female,5,3.0,66.5,3,Fair,2,High School,Average,8,No,90.8,42,57,46
S1259,19,Female,4,0.9,80.7,6,Fair,4,Master,Good,1,No,72.6,88,81,85
S1260,17,Male,4,3.8,95.3,4,Fair,1,High School,Average,8,No,70.9,76,80,65
S1261,22,Male,5,3.9,81.6,5,Fair,0,None,Poor,3,Yes,65.1,88,46,46
S1262,21,Male,3,2.2,76.5,6,Poor,2,Master,Average,3,No,49.1,95,47,71
S1263,17,Female,2,2.4,94.3,6,Poor,5,Bachelor,Average,6,No,62.7,56,96,53
S1264,19,Male,1,0.7,81.7,5,Good,1,Master,Poor,4,No,51.5,98,94,45
S1265,18,Female,0,3.1,79.9,5,Good,1,Bachelor,Good,4,No,18.4,88,77,55
S1266,20,Female,6,3.2,86.5,9,Fair,5,Master,Average,4,Yes,100.0,41,39,47
S1267,24,Female,1,2.4,92.7,8,Fair,3,Bachelor,Good,10,No,53.3,41,71,96
S1268,23,Male,3,3.8,100.0,5,Fair,3,Bachelor,Poor,9,No,76.1,67,65,67
S1269,19,Female,3,2.1,93.3,8,Good,4,Bachelor,Average,8,No,85.6,93,43,70
S1270,22,Male,4,3.2,96.6,6,Good,4,High School,Good,3,Yes,63.0,62,85,48
S1271,24,Female,4,1.3,79.9,6,Good,1,Master,Good,1,No,73.6,76,63,62
S1272,24,Male,4,2.5,74.7,6,Good,6,High School,Good,1,No,76.2,71,74,99
S1273,24,Male,2,2.3,85.6,5,Fair,1,Bachelor,Good,1,Yes,45.5,72,75,50
S1274,17,Female,3,2.8,86.1,7,Fair,4,High School,Average,4,Yes,58.6,40,45,79
S1275,20,Male,3,2.1,74.2,6,Fair,5,Bachelor,Average,6,No,77.8,58,57,66
S1276,17,Male,3,2.3,83.2,5,Fair,4,High School,Good,4,Yes,61.5,41,35,87
S1277,22,Female,5,3.5,89.0,4,Good,1,None,Good,3,No,71.4,92,80,59
S1278,17,Female,4,2.0,88.6,5,Fair,2,Master,Good,8,Yes,93.9,83,55,66
S1279,18,Female,4,0.6,90.0,4,Poor,1,High School,Good,8,No,85.9,65,70,81
S1280,20,Female,4,4.6,87.9,6,Fair,2,Bachelor,Good,6,No,73.8,71,88,96
S1281,20,Female,5,4.2,79.9,5,Good,2,High School,Average,9,No,83.3,45,91,86
S1282,22,Male,3,0.9,79.9,6,Fair,1,None,Good,10,No,79.7,71,35,56
S1283,23,Male,1,3.3,73.0,8,Good,6,High School,Good,1,No,47.1,94,97,91
S1284,18,Male,4,1.9,100.0,7,Fair,6,Bachelor,Good,8,No,91.9,43,88,93
S1285,19,Female,2,2.8,85.1,6,Poor,0,None,Poor,6,Yes,60.6,94,89,86
S1286,17,Female,2,2.9,82.8,6,Fair,4,Master,Average,1,No,46.6,50,74,82
S1287,21,Male,4,2.2,75.7,8,Good,6,High School,Poor,4,Yes,84.2,95,49,62
S1288,17,Male,5,1.6,100.0,7,Fair,3,High School,Average,5,No,95.5,98,55,89
S1289,24,Female,3,1.7,74.3,6,Good,1,High School,Good,7,Yes,73.5,56,81,79
S1290,17,Male,4,1.4,80.7,4,Fair,2,None,Poor,8,No,75.9,77,87,74
S1291,19,Female,6,1.5,89.2,7,Poor,1,Bachelor,Average,9,No,100.0,63,43,68
S1292,17,Female,3,2.4,91.0,7,Good,4,Master,Average,6,Yes,74.2,44,86,86
S1293,18,Female,7,1.6,94.6,5,Fair,5,Bachelor,Good,10,Yes,100.0,91,91,74
S1294,18,Male,4,3.3,100.0,6,Fair,6,High School,Average,9,No,94.9,73,60,58
S1295,20,Female,0,4.3,90.1,6,Good,6,High School,Average,4,No,27.6,45,75,50
S1296,22,Female,4,1.8,74.4,6,Fair,6,High School,Average,8,No,86.2,61,69,47
S1297,23,Female,4,2.8,82.4,3,Good,2,Master,Average,3,No,60.1,50,97,60
S1298,21,Female,5,3.1,88.1,6,Poor,3,High School,Average,4,Yes,91.3,87,59,51
S1299,24,Female,4,3.1,100.0,7,Fair,3,Bachelor,Average,10,No,93.8,55,72,96
S1300,17,Female,3,2.6,71.0,5,Poor,6,High School,Good,4,Yes,61.6,72,36,58
S1301,17,Male,1,3.4,97.0,6,Good,3,High School,Average,6,No,41.7,48,41,53
S1302,19,Female,3,3.1,86.8,5,Fair,5,High School,Poor,9,No,74.5,99,68,59
S1303,22,Female,2,1.0,93.4,6,Good,6,None,Good,6,No,63.7,98,51,65
S1304,18,Male,2,3.5,84.0,6,Good,0,Bachelor,Average,1,No,39.6,45,77,79
S1305,21,Female,4,3.6,76.6,5,Fair,2,High School,Good,5,Yes,87.5,55,93,46
S1306,20,Female,6,1.6,92.5,8,Fair,5,Bachelor,Average,9,No,100.0,68,85,71
S1307,18,Female,4,2.5,91.5,7,Fair,2,None,Good,5,No,75.4,42,88,46
S1308,24,Male,1,3.3,94.7,5,Fair,6,Master,Good,6,Yes,61.5,59,58,79
S1309,22,Male,4,2.2,84.9,7,Fair,5,High School,Good,3,Yes,73.3,99,59,62
S1310,24,Other,5,3.8,79.0,7,Good,6,Master,Average,8,No,96.3,98,86,58
S1311,23,Female,2,5.3,69.4,7,Good,5,Bachelor,Average,10,No,67.0,75,67,64
S1312,20,Male,3,1.6,93.2,4,Good,6,Master,Average,4,No,70.1,58,83,62
S1313,23,Female,3,0.8,89.2,7,Good,0,High School,Good,4,No,84.2,65,63,54
S1314,19,Female,2,2.9,75.3,5,Good,2,Bachelor,Good,5,Yes,48.9,42,97,69
S1315,24,Female,4,3.4,79.6,6,Fair,5,High School,Poor,10,No,98.8,58,56,46
S1316,19,Female,3,2.2,80.3,9,Good,0,High School,Poor,9,No,76.1,59,60,69
S1317,17,Male,4,4.2,70.2,6,Good,1,High School,Average,8,Yes,80.4,71,62,98
S1318,23,Male,2,0.9,76.8,6,Fair,6,High School,Poor,7,No,64.1,46,83,77
S1319,22,Male,2,3.3,73.7,3,Good,4,Master,Average,5,Yes,59.4,91,83,80
S1320,24,Female,4,1.8,80.9,8,Fair,5,None,Poor,9,Yes,94.2,80,54,75
S1321,21,Male,2,4.6,77.6,4,Good,3,Bachelor,Good,9,Yes,67.8,72,97,58
S1322,20,Male,6,4.9,68.7,5,Good,0,Bachelor,Good,10,No,96.1,79,95,45
S1323,18,Male,2,1.6,100.0,6,Good,0,Bachelor,Good,10,No,70.2,78,83,90
S1324,22,Female,3,1.8,97.5,8,Fair,5,Bachelor,Average,2,No,84.2,57,35,60
S1325,22,Female,4,3.5,77.2,7,Good,0,High School,Good,4,No,75.4,79,47,98
S1326,19,Male,1,2.0,87.7,6,Fair,1,Bachelor,Good,8,No,41.7,40,85,90
S1327,23,Male,0,2.4,89.2,6,Fair,0,High School,Poor,1,No,23.1,50,90,96
S1328,24,Female,1,2.5,96.9,5,Good,4,Master,Good,5,No,50.3,67,96,47
S1329,24,Male,5,0.2,76.8,6,Fair,4,Bachelor,Average,8,No,100.0,96,66,79
S1330,17,Male,2,2.5,95.9,6,Good,6,Master,Average,2,No,52.2,64,64,85
S1331,17,Male,7,1.7,79.5,7,Fair,6,None,Average,2,Yes,100.0,89,63,50
S1332,20,Male,2,1.9,71.6,7,Fair,3,High School,Poor,8,No,71.2,62,83,69
S1333,19,Male,3,4.2,92.2,7,Good,1,High School,Good,10,No,72.3,70,79,57
S1334,22,Female,5,1.0,97.9,6,Fair,4,None,Average,9,No,100.0,69,64,97
S1335,24,Male,6,3.5,100.0,7,Poor,5,High School,Average,7,Yes,100.0,81,50,78
S1336,21,Female,6,2.2,73.0,6,Good,2,Bachelor,Poor,8,Yes,100.0,74,74,52
S1337,19,Male,5,2.2,92.0,5,Fair,2,High School,Good,5,No,93.1,46,53,65
S1338,20,Female,5,3.4,80.9,6,Good,2,Bachelor,Average,1,Yes,67.7,99,52,78
S1339,20,Female,4,2.9,92.8,6,Fair,6,Master,Good,4,Yes,77.9,55,35,48
S1340,19,Male,4,3.2,70.3,7,Fair,5,Bachelor,Good,2,No,80.3,65,81,69
S1341,20,Female,2,3.7,72.4,6,Fair,0,High School,Average,3,No,44.3,87,72,59
S1342,19,Male,2,2.1,77.2,5,Fair,5,High School,Average,3,No,54.7,96,85,48
S1343,18,Other,3,1.8,85.8,6,Fair,0,High School,Good,9,No,85.0,91,97,89
S1344,19,Male,3,1.2,78.6,6,Fair,2,High School,Poor,10,Yes,81.7,99,38,56
S1345,23,Male,2,1.5,91.6,6,Fair,3,Bachelor,Poor,4,No,71.6,88,35,76
S1346,19,Male,4,6.0,95.3,7,Poor,3,High School,Good,2,Yes,73.7,41,42,76
S1347,20,Other,4,4.0,91.0,7,Fair,0,Master,Average,3,No,77.0,40,63,72
S1348,24,Female,3,0.9,100.0,5,Poor,2,Bachelor,Average,3,No,72.3,87,89,57
S1349,23,Female,5,0.9,89.2,5,Poor,5,Bachelor,Average,7,No,100.0,51,37,75
S1350,20,Male,1,3.1,72.8,5,Good,3,High School,Average,8,No,54.0,44,66,58
S1351,17,Female,3,3.2,98.6,7,Good,0,High School,Good,6,No,70.4,76,44,64
S1352,17,Male,2,3.2,78.9,8,Good,5,Bachelor,Good,4,Yes,47.0,71,68,62
S1353,24,Female,0,2.2,94.1,6,Fair,2,High School,Good,6,No,48.7,98,89,73
S1354,24,Male,3,2.3,100.0,6,Good,1,High School,Good,1,No,47.6,94,66,50
S1355,23,Male,3,2.9,89.6,8,Good,2,High School,Average,10,No,81.1,48,84,76
S1356,18,Male,5,2.6,70.0,7,Good,6,High School,Average,8,No,100.0,80,41,73
S1357,24,Male,4,0.0,75.8,7,Fair,2,Bachelor,Average,1,No,81.9,74,42,87
S1358,17,Female,2,2.2,98.2,5,Good,5,High School,Average,5,No,56.3,58,99,46
S1359,19,Male,6,1.5,83.3,7,Good,5,Bachelor,Good,2,Yes,100.0,87,91,67
S1360,20,Female,5,2.7,85.8,5,Good,4,High School,Good,6,No,81.0,55,93,63
S1361,17,Male,4,6.1,92.6,5,Poor,4,Bachelor,Average,9,Yes,84.9,42,88,75
S1362,17,Female,3,2.9,92.0,6,Fair,5,Master,Poor,5,No,67.9,59,85,95
S1363,18,Male,2,2.1,87.8,5,Fair,5,Master,Poor,4,No,56.9,63,42,49
S1364,23,Male,2,3.6,82.9,6,Fair,1,High School,Average,2,No,45.9,93,68,63
S1365,23,Female,5,3.1,81.9,4,Good,1,None,Poor,3,No,76.0,95,69,78
S1366,22,Male,6,3.0,93.6,7,Poor,2,High School,Average,6,Yes,94.8,72,66,54
S1367,18,Male,5,3.2,90.5,7,Poor,6,Bachelor,Good,8,No,99.3,63,80,69
S1368,19,Female,2,5.0,82.4,4,Fair,3,Bachelor,Good,8,No,71.0,91,50,46
S1369,23,Female,1,1.1,95.8,7,Poor,6,Bachelor,Average,5,No,70.9,50,71,55
S1370,20,Male,3,3.1,83.7,5,Fair,1,High School,Average,5,Yes,59.8,88,88,94
S1371,24,Male,0,1.4,76.5,7,Good,2,Bachelor,Average,10,No,36.0,47,48,75
S1372,18,Female,4,3.2,77.4,6,Fair,6,High School,Good,3,No,68.4,75,89,59
S1373,24,Male,3,1.4,75.2,6,Poor,0,Bachelor,Good,7,Yes,72.9,77,82,53
S1374,17,Male,2,2.0,82.3,6,Fair,4,High School,Good,6,No,57.3,79,41,67
S1375,20,Male,1,2.1,97.3,8,Fair,6,Bachelor,Average,1,Yes,50.3,59,41,63
S1376,20,Female,4,3.7,76.9,5,Poor,3,None,Good,4,No,65.7,74,67,53
S1377,17,Female,2,3.6,86.9,7,Good,2,High School,Poor,6,Yes,67.9,87,57,79
S1378,18,Male,1,1.0,78.4,7,Good,6,Bachelor,Good,6,No,63.6,64,53,65
S1379,17,Male,0,2.6,82.4,7,Good,5,High School,Average,3,No,32.9,74,53,53
S1380,24,Male,3,1.6,69.9,9,Good,0,Bachelor,Average,6,No,67.7,64,70,72
S1381,22,Female,6,1.0,82.8,5,Poor,4,Bachelor,Good,10,No,100.0,68,63,90
S1382,20,Male,6,2.2,83.1,7,Good,0,Bachelor,Average,6,No,96.8,57,94,95
S1383,21,Male,2,2.1,90.4,6,Good,2,High School,Poor,9,Yes,71.0,85,36,51
S1384,21,Female,2,5.4,87.2,8,Good,1,High School,Poor,9,No,59.8,57,35,60
S1385,24,Male,4,3.0,73.0,6,Poor,4,Bachelor,Poor,2,No,64.2,41,81,60
S1386,19,Female,2,0.8,95.8,6,Good,0,High School,Poor,4,No,45.2,93,54,77
S1387,23,Male,4,1.8,87.1,8,Good,1,Bachelor,Poor,9,Yes,82.9,74,45,48
S1388,17,Male,4,3.7,87.0,5,Good,3,High School,Average,4,Yes,73.2,55,36,48
S1389,17,Male,5,5.0,84.9,4,Poor,2,High School,Average,8,No,79.6,80,46,83
S1390,19,Female,3,0.6,79.8,5,Good,2,High School,Good,10,No,73.0,75,54,84
S1391,19,Female,3,0.2,87.2,7,Good,4,None,Average,3,No,72.6,72,39,61
S1392,24,Female,2,4.7,89.8,8,Good,0,High School,Poor,3,No,45.2,43,71,81
S1393,24,Male,2,3.0,67.5,6,Fair,3,Bachelor,Average,9,No,51.8,72,72,83
S1394,19,Female,3,1.5,79.6,8,Good,5,Bachelor,Good,10,No,92.0,53,43,96
S1395,20,Male,4,3.1,82.5,4,Fair,4,High School,Good,8,No,77.8,60,87,73
S1396,24,Male,4,0.0,87.6,6,Fair,5,Master,Average,1,No,97.2,87,78,96
S1397,22,Female,2,2.5,96.9,6,Fair,4,Bachelor,Good,10,Yes,71.9,59,58,80
S1398,24,Male,5,2.9,77.3,6,Good,0,Master,Good,2,Yes,69.1,95,64,82
S1399,17,Male,3,3.6,80.0,6,Poor,3,Bachelor,Good,3,Yes,59.6,47,93,83
S1400,24,Male,3,1.3,79.9,7,Fair,0,Bachelor,Good,2,No,60.4,46,48,94
S1401,20,Male,2,2.6,77.0,6,Good,2,None,Good,3,Yes,48.3,42,43,81
S1402,19,Male,0,1.4,81.5,6,Good,5,High School,Good,8,Yes,50.1,56,74,96
S1403,17,Female,4,2.8,92.7,6,Fair,1,None,Good,6,No,74.9,72,59,79
S1404,24,Male,4,1.4,74.5,5,Good,6,Bachelor,Average,7,Yes,85.6,87,56,51
S1405,20,Female,3,2.0,89.3,6,Good,2,High School,Good,10,Yes,65.4,51,38,71
S1406,22,Female,3,1.3,68.0,6,Poor,2,Bachelor,Good,10,Yes,82.4,98,60,72
S1407,24,Male,4,3.3,79.4,6,Fair,5,High School,Poor,6,Yes,67.3,90,92,66
S1408,20,Male,1,3.5,81.7,6,Poor,4,Bachelor,Good,1,No,34.3,61,63,58
S1409,22,Male,2,2.2,100.0,6,Fair,2,High School,Average,3,No,53.0,94,71,51
S1410,19,Female,4,2.5,82.3,6,Fair,6,High School,Average,1,No,78.0,61,52,81
S1411,24,Male,1,0.8,63.0,8,Good,3,High School,Good,10,No,58.2,85,76,66
S1412,22,Female,3,2.1,65.0,5,Good,2,High School,Average,9,No,73.7,69,75,49
S1413,17,Male,1,2.4,85.3,5,Poor,3,High School,Average,9,No,60.3,77,72,99
S1414,19,Female,4,5.6,91.1,9,Poor,0,Bachelor,Poor,5,Yes,78.7,77,68,46
S1415,17,Male,3,1.2,88.8,5,Fair,4,None,Average,4,Yes,68.3,84,51,71
S1416,21,Male,1,4.3,86.7,4,Fair,3,High School,Average,9,No,49.9,90,71,65
S1417,18,Female,5,3.7,96.6,7,Fair,2,Bachelor,Average,9,Yes,100.0,93,59,98
S1418,24,Female,2,2.8,79.6,4,Good,4,None,Average,3,Yes,54.7,47,61,82
S1419,22,Male,2,4.6,93.9,6,Good,6,Master,Good,5,No,58.7,66,91,59
S1420,18,Female,3,2.9,68.7,9,Fair,4,Master,Good,3,No,70.8,66,65,65
S1421,18,Female,5,3.0,76.0,4,Good,3,None,Poor,10,Yes,87.1,73,40,54
S1422,22,Female,2,2.4,66.9,4,Fair,3,High School,Good,2,Yes,29.5,60,74,67
S1423,19,Female,3,4.0,82.3,4,Good,1,High School,Poor,1,No,53.2,69,46,83
S1424,24,Male,4,3.8,84.5,7,Fair,1,Bachelor,Poor,10,No,73.0,72,87,49
S1425,21,Male,4,1.7,86.1,7,Poor,4,Bachelor,Poor,2,Yes,71.1,67,44,45
S1426,17,Male,3,0.9,85.6,5,Good,5,Bachelor,Good,8,No,80.9,86,79,57
S1427,20,Female,2,2.3,75.7,7,Fair,5,Bachelor,Good,8,No,75.1,72,51,65
S1428,17,Female,2,1.5,83.1,8,Good,1,High School,Average,3,No,52.4,44,60,70
S1429,20,Male,3,2.4,70.0,8,Fair,2,Bachelor,Average,7,No,67.6,99,96,94
S1430,17,Male,1,4.0,98.6,6,Poor,0,Bachelor,Average,7,Yes,35.7,87,80,89
S1431,22,Female,0,2.0,82.0,3,Poor,4,Bachelor,Average,2,No,29.9,58,98,65
S1432,21,Other,4,2.4,80.1,5,Fair,0,Master,Good,9,No,70.7,43,36,97
S1433,24,Female,4,2.6,100.0,6,Good,1,Bachelor,Average,3,Yes,89.3,74,88,62
S1434,20,Male,0,3.5,72.6,6,Fair,3,High School,Good,2,No,26.2,88,99,81
S1435,24,Male,2,0.0,73.7,6,Good,6,High School,Average,3,Yes,58.3,56,85,89
S1436,24,Male,4,1.8,74.0,7,Good,4,High School,Good,2,Yes,78.4,83,87,76
S1437,24,Female,6,2.8,84.3,8,Good,1,None,Good,8,No,100.0,67,70,80
S1438,23,Male,3,3.9,89.3,6,Fair,2,Master,Average,5,Yes,66.8,69,60,61
S1439,19,Female,2,1.9,92.4,7,Good,6,High School,Good,3,No,63.8,68,63,79
S1440,17,Male,3,0.2,100.0,6,Fair,4,Bachelor,Good,5,No,76.1,85,55,93
S1441,24,Female,5,3.2,62.5,6,Fair,4,Bachelor,Average,8,No,82.7,92,45,55
S1442,17,Female,2,1.7,91.1,7,Poor,5,None,Average,7,No,65.0,45,74,65
S1443,24,Female,2,1.1,79.4,6,Fair,3,Master,Good,6,No,66.8,74,45,96
S1444,20,Male,2,1.8,79.1,9,Poor,4,Master,Average,1,Yes,64.9,99,70,99
S1445,19,Male,2,2.3,78.8,4,Good,3,Bachelor,Poor,10,No,63.1,80,93,97
S1446,19,Male,3,1.8,75.9,5,Fair,1,High School,Average,1,No,56.3,76,73,70
S1447,22,Female,5,0.0,100.0,6,Fair,2,High School,Good,1,Yes,93.6,63,88,48
S1448,23,Female,4,3.6,93.4,7,Good,6,High School,Good,10,Yes,91.9,68,89,78
S1449,22,Female,3,4.0,85.2,8,Fair,6,High School,Good,8,Yes,74.0,88,58,96
S1450,22,Female,3,3.3,98.5,6,Fair,2,Bachelor,Average,8,No,62.7,85,56,92
S1451,22,Female,1,1.1,69.9,4,Poor,4,Master,Poor,7,No,58.6,92,90,62
S1452,22,Male,4,2.3,71.7,7,Good,4,Bachelor,Good,6,No,89.3,70,67,84
S1453,22,Female,3,2.5,63.2,7,Poor,1,Master,Good,4,No,63.4,74,70,79
S1454,21,Male,3,3.2,78.0,4,Fair,5,Bachelor,Poor,1,No,46.7,99,54,85
S1455,19,Male,8,3.3,86.6,6,Fair,5,High School,Average,9,No,100.0,72,96,73
S1456,22,Female,3,1.6,86.0,4,Good,5,Master,Poor,1,No,68.7,91,60,96
S1457,24,Male,2,2.6,86.5,5,Good,3,High School,Good,4,No,58.9,60,74,73
S1458,19,Male,2,3.0,70.9,5,Good,5,Master,Good,3,No,59.0,71,51,82
S1459,19,Female,5,4.2,93.0,7,Poor,2,High School,Good,7,No,77.9,62,35,86
S1460,18,Male,3,3.3,87.4,6,Fair,6,High School,Good,5,No,72.3,72,95,65
S1461,21,Female,1,3.4,92.3,5,Fair,6,Master,Poor,5,No,49.7,42,77,86
S1462,22,Male,4,2.6,66.1,7,Poor,3,Bachelor,Good,4,No,80.9,57,76,57
S1463,17,Male,2,4.2,88.1,4,Fair,1,Master,Good,1,No,44.5,64,59,93
S1464,20,Male,6,3.0,73.1,6,Fair,2,Master,Average,5,No,85.3,81,73,85
S1465,23,Male,5,1.5,81.0,5,Fair,6,None,Good,4,No,83.2,70,69,61
S1466,24,Female,2,4.2,90.3,6,Good,2,Bachelor,Average,10,No,59.7,93,37,53
S1467,17,Male,5,3.3,85.9,7,Fair,6,High School,Good,8,No,98.1,97,78,85
S1468,21,Female,3,2.0,76.5,7,Good,0,Bachelor,Good,2,Yes,66.8,42,85,45
S1469,20,Male,4,1.9,85.1,8,Fair,1,Bachelor,Good,8,Yes,96.1,79,46,46
S1470,21,Female,4,2.9,69.7,6,Fair,1,High School,Good,1,No,60.4,85,53,92
S1471,24,Female,2,3.1,96.5,6,Fair,0,Bachelor,Poor,4,No,33.8,63,78,73
S1472,19,Female,2,2.7,82.9,6,Poor,3,Bachelor,Average,3,No,56.1,89,93,77
S1473,20,Male,5,2.9,96.2,6,Poor,6,High School,Average,5,No,80.6,71,83,54
S1474,19,Male,3,4.5,79.7,7,Fair,6,Bachelor,Good,5,No,52.6,86,95,94
S1475,24,Male,2,3.8,79.8,6,Good,6,Bachelor,Good,5,Yes,52.1,61,51,84
S1476,17,Female,2,2.7,77.4,4,Good,5,Master,Good,4,Yes,39.9,62,91,65
S1477,24,Male,4,3.6,93.8,6,Poor,5,High School,Poor,8,No,84.0,41,89,72
S1478,17,Female,6,1.3,77.9,6,Good,5,High School,Good,3,Yes,97.7,66,81,55
S1479,20,Female,1,3.0,91.4,5,Good,5,Bachelor,Good,4,No,43.3,81,46,99
S1480,20,Male,3,4.7,81.2,5,Good,5,None,Good,1,No,55.9,41,96,78
S1481,22,Female,5,2.2,65.2,8,Good,0,Master,Poor,7,No,84.6,65,42,52
S1482,21,Male,3,1.5,79.3,7,Fair,1,None,Poor,1,No,67.0,56,55,66
S1483,22,Male,4,1.7,73.2,6,Fair,3,Bachelor,Poor,2,No,76.0,79,59,52
S1484,21,Female,1,1.2,85.3,5,Fair,2,Bachelor,Good,7,Yes,56.9,72,46,93
S1485,22,Female,4,1.6,73.1,5,Fair,5,High School,Good,1,No,77.5,48,49,59
S1486,19,Female,3,2.1,94.3,8,Fair,0,None,Good,3,No,69.4,82,93,61
S1487,20,Male,5,0.8,84.1,6,Fair,6,Bachelor,Average,6,Yes,94.6,93,60,67
S1488,17,Male,5,2.5,83.2,5,Good,3,Bachelor,Average,6,Yes,93.4,87,60,68
S1489,21,Female,7,3.6,91.6,7,Good,3,High School,Good,6,Yes,100.0,78,81,89
S1490,24,Female,4,1.4,94.6,5,Good,3,Master,Good,2,Yes,63.6,68,66,63
S1491,21,Female,4,4.3,84.8,8,Good,0,High School,Good,2,No,53.0,81,44,49
S1492,17,Male,3,3.1,77.3,8,Good,2,High School,Good,6,No,67.8,94,50,76
S1493,22,Female,3,3.7,67.3,5,Poor,5,Bachelor,Average,10,No,73.9,65,51,88
S1494,21,Male,4,1.7,78.1,5,Fair,3,High School,Good,5,No,66.5,74,57,45
S1495,23,Male,3,3.5,78.8,3,Fair,0,Master,Good,7,No,49.9,89,60,67
S1496,19,Female,3,1.2,86.1,4,Good,6,High School,Average,7,No,73.9,64,41,81
S1497,20,Male,5,3.6,81.5,4,Fair,1,None,Average,5,No,80.3,63,48,52
S1498,17,Female,2,2.7,91.9,6,Good,6,High School,Average,8,No,71.7,52,41,57
S1499,20,Male,5,3.2,78.9,6,Poor,0,Bachelor,Poor,10,No,83.3,99,43,52
S1500,23,Male,5,1.1,84.4,4,Fair,0,Bachelor,Good,6,No,84.5,97,82,67
S1501,21,Female,3,1.4,96.8,6,Good,0,Bachelor,Poor,5,No,74.9,46,93,87
S1502,21,Female,0,3.2,88.4,7,Poor,3,None,Average,4,Yes,34.0,96,73,45
S1503,24,Female,2,1.4,84.4,7,Fair,0,High School,Average,7,No,63.0,75,52,89
S1504,23,Female,5,3.1,79.0,4,Fair,1,Bachelor,Good,4,No,77.9,84,93,95
S1505,17,Female,3,0.9,78.7,6,Fair,3,None,Average,5,Yes,72.9,59,51,68
S1506,24,Female,2,3.5,76.5,4,Good,6,Master,Good,5,No,53.2,40,48,79
S1507,19,Female,2,1.0,79.6,7,Fair,1,None,Poor,1,No,57.3,47,65,68
S1508,24,Male,4,3.2,92.6,7,Fair,4,Bachelor,Poor,1,Yes,76.6,85,58,61
S1509,18,Female,4,3.3,82.8,5,Poor,6,High School,Average,3,No,64.6,55,94,49
S1510,17,Male,3,1.7,71.5,5,Good,0,Bachelor,Average,3,Yes,51.1,53,79,64
S1511,18,Other,2,3.2,100.0,5,Fair,5,High School,Average,2,No,63.0,51,37,65
S1512,23,Female,2,2.8,88.2,3,Good,5,None,Poor,2,Yes,61.6,90,71,84
S1513,22,Male,2,1.9,70.9,6,Good,3,High School,Good,6,No,62.5,62,77,75
S1514,18,Female,5,1.3,80.6,6,Fair,5,High School,Good,1,Yes,87.1,54,74,90
S1515,19,Female,3,0.1,86.1,7,Good,6,High School,Poor,6,Yes,82.5,67,89,80
S1516,24,Male,5,2.9,100.0,5,Good,3,Bachelor,Poor,5,Yes,80.9,73,73,55
S1517,22,Female,5,0.6,73.9,5,Fair,6,Bachelor,Good,6,No,100.0,41,49,96
S1518,24,Female,5,2.6,94.8,4,Poor,0,Bachelor,Good,5,No,79.6,71,38,59
S1519,18,Male,2,2.2,99.0,5,Good,2,Bachelor,Average,7,No,71.2,62,59,63
S1520,24,Female,4,3.3,78.7,5,Good,2,Bachelor,Good,1,No,62.7,61,47,51
S1521,23,Male,3,2.1,82.2,7,Fair,1,High School,Good,3,No,64.2,90,67,95
S1522,22,Female,2,2.1,74.6,5,Fair,0,High School,Good,6,Yes,44.1,64,50,72
S1523,23,Other,4,3.4,83.0,6,Good,5,High School,Average,1,No,61.7,97,76,95
S1524,18,Female,1,2.9,84.6,6,Good,0,Bachelor,Average,7,Yes,39.9,61,89,87
S1525,23,Male,5,2.9,91.6,5,Good,4,High School,Poor,4,No,84.1,97,76,49
S1526,19,Female,2,3.1,95.9,6,Fair,2,None,Good,3,No,40.7,97,68,49
S1527,18,Female,3,0.7,77.5,7,Good,5,Bachelor,Good,10,No,81.8,61,64,74
S1528,18,Male,3,3.4,65.3,5,Fair,6,High School,Average,9,Yes,77.0,88,47,98
S1529,18,Female,3,3.2,84.8,7,Fair,6,Master,Good,1,No,65.7,91,47,76
S1530,17,Male,4,1.3,87.9,5,Good,2,Master,Good,8,Yes,80.9,81,52,52
S1531,24,Female,2,2.2,87.5,5,Good,0,None,Good,1,Yes,47.4,45,66,54
S1532,17,Male,4,2.5,81.7,7,Fair,5,High School,Good,5,Yes,83.0,54,73,82
S1533,17,Male,1,2.3,86.2,5,Fair,1,High School,Good,10,No,54.2,93,80,91
S1534,19,Male,3,2.9,100.0,6,Good,6,Bachelor,Average,8,No,82.5,82,63,76
S1535,22,Female,6,4.2,88.8,6,Fair,0,High School,Good,6,No,85.0,99,96,92
S1536,24,Male,2,3.8,81.3,6,Good,1,Bachelor,Good,7,Yes,40.4,76,96,72
S1537,23,Female,2,0.9,80.0,3,Good,5,Bachelor,Average,8,No,58.9,72,91,61
S1538,21,Male,4,3.2,83.3,4,Poor,2,High School,Poor,6,No,67.5,47,50,75
S1539,18,Male,3,4.1,100.0,7,Good,4,None,Good,6,Yes,81.0,92,90,52
S1540,23,Female,4,3.0,83.2,7,Good,3,Bachelor,Average,6,Yes,74.7,99,44,84
S1541,18,Female,4,3.8,84.8,5,Good,2,High School,Good,5,No,67.4,83,64,69
S1542,19,Male,4,4.9,80.2,6,Good,1,Bachelor,Poor,8,No,72.2,83,59,53
S1543,18,Female,5,3.7,96.0,6,Good,0,High School,Poor,2,No,77.1,44,39,46
S1544,17,Female,4,2.8,100.0,7,Poor,6,Bachelor,Average,7,No,87.9,78,99,59
S1545,24,Female,3,3.8,89.5,4,Fair,5,Master,Average,4,Yes,54.1,43,83,94
S1546,21,Male,4,2.7,85.8,5,Good,2,Master,Good,1,Yes,62.9,45,37,47
S1547,20,Male,6,2.5,85.4,6,Fair,6,High School,Good,5,No,95.6,84,79,93
S1548,18,Female,3,2.1,61.2,7,Poor,6,High School,Poor,3,No,67.1,71,48,80
S1549,23,Male,2,4.4,92.5,9,Good,4,Bachelor,Average,4,No,51.5,91,64,48
S1550,17,Female,5,1.5,86.3,6,Good,5,High School,Average,7,No,97.9,69,52,58
S1551,20,Female,3,4.3,89.3,4,Poor,1,High School,Average,5,No,67.0,86,96,85
S1552,21,Female,0,3.1,77.9,7,Good,5,Master,Good,4,Yes,31.5,74,71,85
S1553,20,Female,4,0.8,81.2,8,Good,5,High School,Average,1,No,88.0,94,59,69
S1554,17,Other,2,2.9,80.9,6,Fair,0,None,Poor,6,No,53.4,79,82,99
S1555,24,Male,3,0.0,95.2,5,Good,3,None,Average,10,Yes,83.4,91,99,94
S1556,24,Female,4,3.3,81.2,7,Fair,6,Bachelor,Poor,6,No,79.0,55,87,54
S1557,22,Male,3,3.6,100.0,7,Poor,1,Bachelor,Poor,7,Yes,69.9,52,49,65
S1558,24,Male,4,1.8,89.3,5,Fair,0,High School,Average,1,Yes,60.1,89,83,80
S1559,22,Female,2,2.6,72.2,7,Fair,6,High School,Good,4,No,70.3,99,46,56
S1560,20,Female,4,4.8,83.7,7,Fair,3,High School,Good,9,No,79.8,81,93,71
S1561,19,Other,3,1.9,78.5,7,Good,0,Bachelor,Good,10,Yes,66.6,69,71,84
S1562,23,Female,4,1.2,63.1,6,Good,3,None,Average,6,No,91.7,58,95,46
S1563,23,Male,4,4.3,100.0,6,Fair,3,Master,Average,2,No,70.1,56,77,98
S1564,20,Male,2,4.9,92.0,8,Good,3,High School,Average,4,No,61.5,95,73,57
S1565,18,Female,5,2.5,90.3,5,Poor,0,Master,Good,6,No,79.3,58,90,97
S1566,18,Male,2,3.7,86.7,7,Poor,5,High School,Good,4,Yes,63.9,67,97,76
S1567,24,Male,4,4.1,71.2,4,Good,3,Bachelor,Poor,10,Yes,93.1,97,80,75
S1568,23,Male,4,1.6,80.2,7,Poor,5,High School,Poor,7,Yes,89.8,94,45,60
S1569,23,Male,6,1.9,93.4,6,Fair,6,None,Good,3,Yes,100.0,65,96,76
S1570,22,Male,3,4.0,74.5,8,Good,6,Master,Good,6,Yes,61.8,76,59,76
S1571,19,Male,3,4.5,59.7,7,Fair,1,Master,Good,4,Yes,51.5,65,86,78
S1572,17,Male,3,3.2,82.7,5,Good,4,High School,Good,3,No,60.4,92,38,55
S1573,18,Male,3,1.4,83.6,8,Fair,5,Bachelor,Good,3,No,67.2,62,93,54
S1574,23,Other,4,4.9,86.4,8,Poor,6,Bachelor,Average,2,No,89.6,48,54,59
S1575,22,Male,1,1.9,92.3,7,Fair,4,Master,Good,3,Yes,48.3,51,97,61
S1576,21,Male,1,2.1,91.4,5,Fair,3,High School,Good,10,No,61.7,92,88,84
S1577,22,Female,1,2.9,87.6,6,Fair,4,Bachelor,Good,1,Yes,44.4,40,91,62
S1578,18,Male,4,4.4,97.0,6,Fair,4,High School,Average,3,No,77.2,97,75,99
S1579,18,Female,6,3.5,69.8,5,Good,3,High School,Average,9,Yes,100.0,97,37,53
S1580,22,Female,3,3.0,90.0,8,Good,5,Master,Average,4,No,73.0,40,40,69
S1581,17,Male,3,3.1,91.3,6,Fair,3,High School,Average,3,No,68.5,86,39,84
S1582,20,Male,3,2.6,72.6,3,Fair,1,High School,Good,8,No,61.0,73,39,58
S1583,18,Female,5,3.2,70.0,6,Fair,2,Bachelor,Poor,1,Yes,70.5,71,88,69
S1584,22,Female,2,0.0,77.5,6,Good,0,Bachelor,Average,5,No,52.5,93,81,94
S1585,23,Male,3,2.1,78.4,6,Good,3,High School,Good,1,No,62.8,87,83,66
S1586,22,Female,5,2.8,92.5,6,Fair,3,High School,Poor,7,Yes,83.5,64,43,96
S1587,19,Male,4,1.1,78.9,7,Good,4,Master,Average,5,No,71.4,79,54,74
S1588,20,Other,3,3.0,76.4,7,Fair,1,High School,Average,2,No,61.5,84,95,64
S1589,21,Male,5,2.3,78.9,6,Poor,6,Bachelor,Good,1,No,75.4,92,69,65
S1590,17,Female,0,4.6,96.2,6,Poor,6,Bachelor,Average,7,No,42.0,40,84,88
S1591,24,Female,4,4.4,85.1,6,Fair,4,High School,Good,1,No,64.0,55,96,76
S1592,21,Female,2,1.9,83.2,6,Fair,5,Master,Average,3,No,60.1,78,51,95
S1593,20,Female,0,2.3,83.9,5,Poor,3,Bachelor,Good,6,No,34.7,44,37,90
S1594,20,Male,4,2.4,97.9,7,Good,3,High School,Average,6,No,88.0,61,66,93
S1595,20,Male,5,2.0,77.5,7,Fair,4,Bachelor,Average,7,No,100.0,68,47,65
S1596,21,Male,3,2.7,98.2,8,Fair,3,Bachelor,Poor,1,No,66.1,94,48,79
S1597,23,Male,4,1.6,87.1,8,Fair,5,Bachelor,Poor,7,No,95.5,42,45,76
S1598,20,Female,5,1.1,83.4,5,Poor,2,Master,Average,2,Yes,86.4,51,90,74
S1599,22,Male,5,3.2,100.0,7,Fair,0,High School,Poor,6,No,77.3,65,63,99
S1600,21,Male,6,3.3,74.4,5,Fair,0,High School,Average,8,Yes,90.2,55,43,83
S1601,24,Other,4,1.5,81.5,7,Fair,0,High School,Good,5,Yes,80.2,90,59,93
S1602,20,Female,3,3.6,72.7,5,Poor,2,None,Average,10,Yes,72.9,76,76,56
S1603,22,Female,1,1.7,94.5,5,Fair,3,None,Average,3,No,35.8,61,43,85
S1604,23,Other,3,2.8,100.0,6,Poor,4,Master,Good,8,Yes,72.8,96,74,91
S1605,19,Male,2,3.5,100.0,3,Good,6,Bachelor,Good,8,No,67.6,68,59,62
S1606,23,Male,6,2.5,97.2,4,Good,1,Bachelor,Poor,4,No,93.1,53,39,65
S1607,24,Female,3,3.0,83.0,6,Poor,3,Bachelor,Average,8,Yes,57.5,67,45,57
S1608,20,Female,3,1.9,81.3,6,Fair,2,Bachelor,Good,5,Yes,61.1,44,93,65
S1609,24,Male,4,2.3,68.3,6,Poor,5,High School,Poor,5,No,77.4,86,72,52
S1610,21,Female,3,2.3,100.0,4,Fair,2,Master,Good,3,No,69.6,88,39,90
S1611,18,Male,6,1.6,89.7,5,Fair,6,High School,Poor,7,No,100.0,69,82,84
S1612,20,Male,2,2.3,80.1,7,Fair,0,Master,Good,9,No,69.3,85,52,90
S1613,18,Female,3,0.6,98.3,7,Fair,3,Bachelor,Average,9,No,85.7,91,71,51
S1614,22,Female,2,1.9,75.3,6,Good,6,High School,Good,1,No,53.9,44,94,67
S1615,19,Female,1,2.2,89.1,7,Fair,0,Bachelor,Average,1,No,43.7,51,82,88
S1616,17,Male,2,2.2,83.3,7,Fair,1,Bachelor,Good,10,No,79.3,55,62,76
S1617,24,Female,3,2.2,91.4,5,Fair,5,High School,Poor,5,No,71.3,65,74,55
S1618,23,Male,2,2.4,84.4,6,Good,0,Bachelor,Average,1,Yes,61.4,65,79,66
S1619,19,Male,2,3.1,70.5,4,Good,1,High School,Good,4,No,45.1,87,96,66
S1620,20,Female,1,3.5,85.8,6,Fair,2,None,Average,1,No,39.8,60,92,87
S1621,18,Female,3,1.7,95.5,7,Good,0,Master,Good,2,No,70.7,78,90,69
S1622,23,Female,1,1.1,84.7,7,Fair,0,Bachelor,Average,2,Yes,35.6,75,74,66
S1623,18,Female,4,1.2,92.8,8,Good,4,Master,Good,4,No,93.0,72,74,72
S1624,21,Female,3,1.9,74.5,6,Good,5,Bachelor,Average,8,Yes,83.2,69,67,73
S1625,18,Female,1,2.1,84.7,8,Poor,5,High School,Good,2,Yes,46.6,76,40,57
S1626,21,Male,3,1.6,78.8,6,Good,6,Bachelor,Good,9,Yes,70.8,62,53,62
S1627,22,Male,2,0.9,92.5,8,Fair,2,Bachelor,Average,9,No,78.3,97,74,46
S1628,23,Male,4,2.0,85.3,6,Fair,4,Master,Good,2,Yes,70.7,49,93,73
S1629,23,Male,5,2.7,91.9,7,Fair,6,High School,Good,1,No,82.6,93,93,65
S1630,17,Female,0,3.2,95.9,8,Good,1,Master,Average,10,Yes,50.3,44,82,59
S1631,20,Female,3,1.8,91.9,6,Fair,6,Master,Good,10,No,80.9,75,75,96
S1632,21,Male,3,2.0,87.7,6,Poor,1,Bachelor,Poor,9,Yes,75.4,73,47,71
S1633,17,Male,4,1.4,75.0,8,Good,2,Master,Good,2,Yes,83.7,91,79,94
S1634,18,Female,3,2.5,85.0,6,Poor,5,High School,Average,8,No,76.8,70,87,75
S1635,18,Male,2,1.5,79.7,4,Poor,1,Master,Poor,3,No,45.8,49,76,59
S1636,17,Female,3,3.2,81.6,9,Fair,2,Bachelor,Average,1,Yes,58.4,97,97,95
S1637,23,Female,2,0.4,81.3,5,Fair,6,None,Good,1,Yes,70.3,58,61,67
S1638,18,Female,5,2.1,75.2,6,Fair,1,Master,Good,10,Yes,99.4,97,72,68
S1639,24,Female,3,2.9,65.4,7,Poor,3,High School,Good,2,No,62.9,71,94,88
S1640,22,Female,6,2.7,78.3,5,Good,0,High School,Average,7,No,98.0,40,41,57
S1641,22,Male,3,5.7,86.9,5,Good,6,Bachelor,Poor,6,No,74.7,95,39,66
S1642,24,Female,2,2.9,71.5,6,Fair,5,High School,Good,2,Yes,50.4,44,79,87
S1643,17,Female,1,1.3,85.2,4,Fair,6,High School,Good,4,No,49.4,84,92,81
S1644,24,Male,0,2.4,100.0,6,Fair,3,Bachelor,Average,2,Yes,35.3,43,65,77
S1645,21,Female,1,0.4,95.2,6,Good,2,None,Average,1,Yes,46.3,55,57,47
S1646,21,Female,3,2.4,100.0,6,Poor,2,High School,Average,3,No,68.4,63,76,98
S1647,17,Female,4,1.5,88.9,4,Poor,6,None,Average,4,No,84.2,55,44,63
S1648,24,Female,1,3.6,96.7,8,Good,3,High School,Good,10,Yes,54.6,94,66,67
S1649,21,Female,4,1.8,77.8,6,Fair,6,Bachelor,Average,5,No,88.0,41,87,73
S1650,23,Female,2,2.4,78.6,8,Fair,0,Bachelor,Good,5,No,61.5,88,64,74
S1651,24,Female,3,1.7,57.6,6,Good,0,Master,Average,7,No,75.7,67,73,83
S1652,23,Female,5,4.6,96.9,5,Good,4,Bachelor,Average,10,No,100.0,71,65,88
S1653,21,Female,4,2.1,100.0,6,Fair,1,High School,Good,8,No,82.6,66,36,91
S1654,22,Female,3,4.7,79.5,6,Good,4,Master,Good,9,No,71.5,59,46,69
S1655,21,Female,2,3.5,82.5,5,Poor,0,Bachelor,Average,7,No,57.6,63,73,81
S1656,23,Male,0,3.1,77.5,8,Good,3,Bachelor,Good,5,No,36.1,51,47,91
S1657,19,Female,2,2.9,88.8,5,Fair,1,Bachelor,Average,9,Yes,67.4,89,80,52
S1658,20,Female,3,3.0,96.2,4,Good,3,Master,Good,8,No,74.8,74,61,86
S1659,18,Male,2,0.2,67.6,8,Good,4,Bachelor,Average,10,Yes,73.6,99,51,60
S1660,24,Female,3,2.2,89.1,5,Good,2,High School,Good,9,Yes,79.5,72,94,52
S1661,19,Male,3,3.5,82.2,5,Good,3,Bachelor,Poor,10,No,62.5,72,98,45
S1662,21,Male,3,2.4,86.1,4,Fair,4,None,Average,8,Yes,76.3,90,69,88
S1663,22,Female,2,0.8,89.6,8,Fair,4,High School,Good,6,No,75.6,82,64,49
S1664,17,Male,3,2.4,83.1,5,Fair,4,High School,Good,4,No,64.4,76,97,47
S1665,21,Female,4,4.5,84.0,6,Good,2,High School,Average,9,No,75.3,51,62,45
S1666,22,Female,1,4.0,82.9,7,Good,2,None,Average,9,Yes,50.4,42,94,48
S1667,20,Female,5,2.4,94.7,7,Fair,6,High School,Average,10,Yes,100.0,40,71,84
S1668,21,Male,3,3.6,89.2,6,Good,2,Bachelor,Good,10,No,76.4,72,56,79
S1669,23,Male,3,2.1,87.2,4,Good,1,Bachelor,Good,9,No,69.9,79,54,76
S1670,17,Female,4,0.5,72.3,5,Good,2,Master,Good,10,Yes,88.9,49,98,86
S1671,22,Other,3,1.4,81.2,6,Good,2,High School,Average,3,Yes,70.4,82,51,78
S1672,22,Female,4,4.4,94.0,5,Fair,2,Bachelor,Good,3,No,69.4,83,46,87
S1673,22,Male,3,2.2,85.4,6,Poor,3,Master,Average,6,Yes,84.9,68,56,69
S1674,20,Female,2,2.2,91.6,7,Poor,2,High School,Poor,6,No,63.6,52,51,54
S1675,21,Female,4,2.1,100.0,7,Fair,1,Bachelor,Good,6,No,82.2,51,44,65
S1676,20,Female,1,4.8,95.4,5,Good,4,Bachelor,Good,5,No,37.4,70,99,90
S1677,24,Male,3,4.5,85.9,9,Good,3,None,Good,5,No,73.8,85,56,83
S1678,18,Female,3,5.2,79.9,7,Good,0,Master,Good,2,Yes,53.4,41,84,71
S1679,18,Female,3,2.3,59.5,6,Good,2,Bachelor,Good,7,No,64.2,90,48,71
S1680,24,Other,3,2.9,83.3,7,Poor,6,None,Good,4,No,70.4,89,98,46
S1681,21,Male,0,0.7,81.7,9,Poor,6,None,Average,3,No,51.5,74,81,85
S1682,23,Female,2,4.3,88.9,4,Poor,4,None,Average,8,No,53.4,62,63,92
S1683,20,Female,3,1.1,83.5,6,Fair,4,High School,Good,4,No,77.2,56,70,57
S1684,17,Male,3,2.8,81.8,3,Fair,3,Bachelor,Good,4,Yes,59.8,65,86,53
S1685,22,Female,2,1.2,67.2,6,Poor,6,Bachelor,Average,8,No,55.4,47,41,96
S1686,22,Female,5,1.8,75.6,6,Fair,0,High School,Average,1,No,69.9,68,63,80
S1687,21,Male,2,1.5,89.8,6,Poor,5,Master,Average,9,No,71.6,65,45,66
S1688,23,Male,5,1.8,100.0,5,Good,6,High School,Poor,7,No,92.9,49,67,86
S1689,18,Female,4,1.9,84.0,4,Fair,6,None,Good,2,No,72.4,65,40,70
S1690,18,Male,2,1.8,88.3,6,Fair,1,High School,Average,6,No,70.5,73,66,98
S1691,22,Female,6,3.5,94.5,8,Fair,5,Bachelor,Good,8,No,100.0,90,85,56
S1692,21,Male,1,1.2,76.9,5,Good,4,High School,Average,5,Yes,37.4,80,92,61
S1693,20,Female,4,2.8,88.7,7,Fair,5,High School,Average,6,No,88.7,46,60,58
S1694,18,Male,5,4.0,77.6,4,Fair,6,High School,Poor,10,No,88.6,43,80,58
S1695,20,Female,2,1.9,93.6,7,Good,4,Bachelor,Good,8,No,68.5,97,63,78
S1696,23,Other,5,1.6,86.5,6,Fair,5,Master,Good,6,No,100.0,92,38,97
S1697,18,Other,3,2.2,88.0,5,Good,4,High School,Good,9,No,66.9,89,47,64
S1698,18,Female,3,3.9,77.2,5,Fair,4,High School,Poor,9,No,71.5,84,73,55
S1699,19,Male,3,2.7,92.1,6,Fair,3,Bachelor,Average,9,No,77.8,50,49,60
S1700,18,Female,3,1.9,100.0,7,Poor,0,Bachelor,Poor,6,Yes,67.7,68,63,95
S1701,24,Male,4,3.1,74.9,4,Good,4,High School,Average,9,Yes,96.4,95,63,75
S1702,17,Male,4,1.2,81.6,6,Fair,1,Master,Good,3,No,83.1,75,66,99
S1703,24,Male,0,3.3,87.3,6,Poor,6,Bachelor,Good,5,No,37.9,64,36,50
S1704,21,Female,5,3.0,92.9,5,Fair,6,High School,Good,2,Yes,76.3,60,81,63
S1705,21,Female,1,2.1,79.4,8,Fair,1,Bachelor,Average,8,Yes,52.6,96,56,81
S1706,20,Female,5,1.5,56.7,5,Poor,2,Master,Average,4,No,83.6,75,61,48
S1707,24,Male,5,1.4,98.6,5,Good,4,Bachelor,Average,6,No,92.0,49,90,91
S1708,24,Male,1,3.1,92.6,5,Good,4,None,Poor,6,No,53.2,76,55,48
S1709,24,Other,2,4.0,67.6,8,Poor,4,High School,Good,5,Yes,56.4,48,81,64
S1710,23,Male,1,1.7,78.9,7,Fair,5,High School,Good,1,No,58.1,63,93,54
S1711,18,Male,3,3.1,100.0,5,Good,4,High School,Average,7,No,70.9,74,40,68
S1712,17,Male,3,0.0,99.5,7,Fair,4,Bachelor,Average,10,No,98.7,88,53,98
S1713,20,Female,4,1.8,94.4,6,Fair,1,Bachelor,Good,8,No,83.3,74,91,79
S1714,24,Female,5,2.5,83.2,6,Fair,0,Bachelor,Good,1,Yes,80.6,87,37,70
S1715,24,Male,5,1.4,85.8,6,Good,0,Master,Good,10,No,91.3,75,35,81
S1716,19,Male,2,1.4,83.7,5,Good,2,High School,Average,7,Yes,63.5,57,92,82
S1717,20,Female,3,1.7,96.3,6,Good,1,Master,Average,4,Yes,66.3,88,72,65
S1718,24,Female,1,2.9,76.2,5,Poor,4,Bachelor,Good,6,No,49.9,78,49,98
S1719,20,Male,2,2.3,76.9,8,Fair,0,High School,Good,9,No,68.9,71,68,84
S1720,18,Female,4,0.0,95.1,5,Good,3,Bachelor,Average,5,No,94.2,63,95,83
S1721,19,Male,5,0.0,84.6,8,Poor,3,High School,Good,8,No,100.0,62,69,65
S1722,20,Male,1,1.8,98.8,6,Good,3,Bachelor,Good,5,No,58.6,71,98,54
S1723,17,Female,2,3.0,78.3,6,Good,4,Bachelor,Average,2,No,53.2,76,59,82
S1724,17,Male,3,0.0,84.5,7,Poor,4,High School,Average,4,Yes,70.5,51,58,90
S1725,21,Female,3,1.9,75.8,5,Good,2,Bachelor,Average,2,No,64.0,88,46,48
S1726,19,Male,2,1.9,85.1,7,Fair,6,Bachelor,Poor,7,Yes,77.4,94,52,89
S1727,19,Male,4,4.2,70.2,3,Good,2,High School,Good,7,No,57.4,52,49,64
S1728,21,Other,2,2.0,80.1,5,Fair,2,None,Average,3,Yes,59.9,62,61,61
S1729,20,Male,3,3.0,70.6,5,Fair,5,High School,Good,7,No,66.7,64,94,99
S1730,19,Female,4,2.7,91.9,5,Good,3,Bachelor,Good,1,No,58.4,74,80,51
S1731,17,Male,3,0.0,92.2,6,Good,4,Master,Poor,1,No,63.6,80,51,48
S1732,17,Male,2,3.4,67.7,7,Poor,3,Master,Average,9,No,62.6,69,87,73
S1733,24,Male,3,2.8,98.3,7,Fair,2,Bachelor,Good,6,No,70.6,56,42,58
S1734,18,Female,3,3.1,100.0,6,Poor,4,Bachelor,Good,5,No,75.2,88,61,47
S1735,19,Male,2,7.2,85.5,5,Fair,1,High School,Good,6,No,50.1,59,80,68
S1736,20,Female,3,0.0,78.6,6,Fair,0,Bachelor,Average,6,No,72.8,87,84,81
S1737,21,Male,5,4.6,100.0,6,Fair,0,High School,Average,1,Yes,72.7,64,37,60
S1738,21,Other,4,2.2,71.8,7,Fair,2,High School,Good,5,Yes,76.0,61,98,99
S1739,20,Male,3,2.8,85.2,7,Poor,6,Bachelor,Good,9,Yes,74.1,52,78,96
S1740,23,Female,4,2.4,86.8,6,Poor,3,None,Average,4,Yes,79.0,98,87,48
S1741,22,Female,3,2.0,98.5,5,Poor,1,Bachelor,Good,3,No,51.3,58,58,68
S1742,18,Female,5,1.8,88.6,5,Fair,4,Bachelor,Average,1,Yes,71.0,88,94,78
S1743,21,Female,4,2.9,80.0,5,Good,6,High School,Good,2,Yes,76.4,75,37,74
S1744,19,Female,3,0.7,75.5,6,Poor,3,High School,Good,3,Yes,52.6,51,54,62
S1745,18,Female,4,3.4,81.6,6,Good,2,Master,Average,4,No,74.0,80,80,63
S1746,19,Male,1,2.0,74.9,7,Good,3,Bachelor,Good,7,No,42.6,58,49,75
S1747,23,Male,1,1.1,85.5,6,Good,2,High School,Average,6,No,49.8,51,59,63
S1748,17,Female,1,2.0,79.4,6,Good,5,High School,Average,8,No,45.7,48,51,93
S1749,18,Female,3,4.0,70.1,6,Good,0,Bachelor,Poor,9,Yes,77.2,46,43,90
S1750,24,Female,6,1.9,97.6,5,Poor,6,Bachelor,Poor,6,No,98.5,67,72,63
S1751,21,Female,6,2.9,80.0,5,Fair,0,High School,Average,7,No,96.2,53,82,66
S1752,18,Male,4,1.6,72.3,4,Good,3,High School,Good,4,Yes,71.3,70,94,68
S1753,18,Male,4,3.4,83.3,5,Fair,1,Master,Good,2,No,59.2,91,97,89
S1754,18,Female,0,3.3,85.7,7,Good,4,Bachelor,Poor,9,No,51.8,58,36,56
S1755,22,Male,2,4.7,67.5,5,Poor,2,Master,Good,9,No,59.3,97,45,74
S1756,18,Male,2,2.3,88.3,6,Good,4,Bachelor,Good,4,No,58.5,86,98,82
S1757,19,Female,2,3.3,74.5,7,Fair,0,Master,Good,3,Yes,44.5,55,55,97
S1758,17,Male,3,2.6,100.0,7,Fair,1,High School,Good,10,Yes,75.4,92,52,75
S1759,23,Female,2,4.1,90.2,5,Fair,1,Bachelor,Average,6,Yes,54.9,44,98,80
S1760,20,Male,0,1.6,81.0,7,Good,4,None,Average,3,Yes,30.2,74,72,63
S1761,18,Female,4,3.4,77.5,7,Good,0,Bachelor,Good,1,Yes,71.8,51,66,92
S1762,21,Male,1,2.3,84.0,5,Fair,4,High School,Poor,4,No,51.8,64,45,89
S1763,18,Male,3,2.4,91.1,5,Good,3,High School,Poor,1,Yes,59.5,91,79,80
S1764,21,Male,6,2.6,84.7,7,Fair,1,Master,Poor,2,No,96.6,98,67,74
S1765,19,Male,2,2.8,82.8,6,Poor,1,Master,Average,3,No,44.1,60,75,99
S1766,21,Male,0,2.4,85.6,3,Poor,3,None,Average,8,No,30.5,75,42,93
S1767,24,Male,3,2.8,79.0,4,Poor,0,Bachelor,Average,10,No,63.7,92,45,99
S1768,20,Female,5,4.4,81.6,6,Fair,1,High School,Poor,4,No,74.0,62,85,77
S1769,17,Male,6,3.7,64.1,5,Fair,6,High School,Good,4,No,98.8,55,75,62
S1770,21,Female,1,3.5,94.7,6,Good,5,Bachelor,Good,10,No,53.0,96,51,96
S1771,21,Female,4,2.0,88.0,6,Good,5,High School,Average,9,No,84.6,78,80,93
S1772,17,Female,2,1.4,77.3,8,Poor,5,Master,Poor,7,No,73.0,84,66,72
S1773,20,Male,3,3.6,100.0,6,Fair,2,High School,Poor,2,Yes,57.1,92,88,91
S1774,18,Female,7,3.6,85.9,7,Fair,6,Bachelor,Average,3,No,100.0,81,54,55
S1775,21,Male,1,4.3,74.6,8,Fair,2,Bachelor,Average,4,No,36.2,97,67,98
S1776,17,Male,3,1.8,93.6,8,Poor,0,High School,Average,4,No,65.6,78,74,89
S1777,24,Other,4,2.2,89.0,6,Poor,3,High School,Good,10,Yes,87.5,53,66,77
S1778,24,Male,5,0.5,88.9,4,Good,4,Bachelor,Average,8,No,100.0,70,36,61
S1779,19,Female,3,2.0,80.7,7,Good,6,Bachelor,Average,10,No,85.6,97,67,50
S1780,17,Female,4,3.7,89.5,7,Poor,0,High School,Average,10,Yes,89.4,44,64,48
S1781,19,Female,2,1.9,82.4,6,Fair,4,Bachelor,Good,6,No,66.9,74,67,64
S1782,24,Female,3,3.3,90.6,8,Fair,0,None,Good,3,No,56.0,62,60,92
S1783,20,Male,3,2.3,66.0,7,Good,2,High School,Good,9,No,77.9,68,56,91
S1784,18,Male,4,2.9,80.7,7,Fair,5,High School,Good,10,No,91.3,82,72,71
S1785,17,Female,2,1.1,100.0,7,Poor,3,None,Average,8,No,68.4,50,80,59
S1786,23,Male,4,2.6,77.3,6,Good,2,Bachelor,Average,9,No,85.3,57,49,50
S1787,24,Male,3,0.0,79.0,3,Fair,3,Bachelor,Good,5,Yes,64.4,86,78,91
S1788,24,Male,5,2.3,80.5,5,Fair,6,Master,Poor,3,No,82.8,51,83,58
S1789,23,Male,3,0.5,72.9,7,Fair,4,Bachelor,Good,4,No,78.0,48,95,55
S1790,22,Male,0,3.9,62.9,5,Fair,0,Master,Good,5,No,31.5,49,40,83
S1791,24,Male,5,3.4,82.7,6,Fair,1,Bachelor,Good,9,No,92.3,97,43,53
S1792,21,Female,2,3.1,86.4,5,Fair,1,Bachelor,Poor,9,Yes,50.1,83,40,70
S1793,20,Female,2,4.3,84.5,8,Fair,3,Master,Good,3,No,49.4,56,66,60
S1794,17,Female,2,1.4,83.6,8,Poor,5,Bachelor,Average,7,No,80.3,77,75,49
S1795,23,Male,5,4.6,85.4,5,Good,5,None,Poor,6,Yes,89.7,46,42,96
S1796,21,Male,0,3.6,95.2,6,Poor,3,Bachelor,Average,4,Yes,33.6,85,84,54
S1797,23,Male,8,2.2,83.1,5,Poor,2,Master,Good,5,Yes,100.0,52,96,94
S1798,17,Female,5,3.9,79.3,7,Good,1,Bachelor,Average,10,No,90.6,79,96,47
S1799,19,Female,3,1.2,82.2,7,Good,2,Bachelor,Average,2,Yes,66.3,81,41,57
S1800,17,Male,3,1.5,90.8,7,Good,4,Bachelor,Poor,7,Yes,86.1,48,38,87
S1801,22,Female,3,1.8,99.1,6,Fair,1,Master,Good,4,No,65.5,89,40,93
S1802,17,Male,4,1.9,78.7,10,Fair,4,None,Good,2,No,82.9,66,92,74
S1803,17,Female,4,1.2,86.0,5,Good,0,Bachelor,Good,6,Yes,76.3,97,56,98
S1804,22,Female,4,4.0,88.4,4,Good,2,High School,Average,2,Yes,59.0,41,60,89
S1805,20,Female,3,2.2,75.1,6,Fair,3,Bachelor,Average,10,Yes,76.1,44,37,50
S1806,24,Female,3,2.9,85.2,4,Good,1,Bachelor,Good,2,Yes,40.3,68,75,61
S1807,17,Female,3,1.8,70.3,4,Poor,2,High School,Average,7,Yes,65.2,76,94,89
S1808,22,Male,3,0.3,67.3,5,Good,3,High School,Good,1,No,43.9,77,48,95
S1809,21,Female,5,2.8,88.7,5,Good,0,Bachelor,Good,7,Yes,89.5,58,46,97
S1810,19,Male,4,0.2,81.2,5,Good,1,High School,Average,10,No,80.7,47,46,63
S1811,19,Female,0,2.4,87.0,7,Good,4,High School,Average,5,No,53.0,87,47,86
S1812,17,Female,4,0.9,84.8,5,Good,0,Bachelor,Good,1,No,70.6,84,59,79
S1813,20,Female,3,4.9,75.2,6,Poor,5,High School,Average,6,No,65.5,40,79,90
S1814,20,Male,3,3.6,84.5,7,Fair,3,High School,Average,7,No,75.1,61,53,70
S1815,21,Female,2,2.6,72.7,5,Poor,1,Master,Good,1,No,43.5,91,89,95
S1816,17,Female,5,4.0,98.9,6,Fair,1,High School,Average,9,No,80.6,56,79,49
S1817,19,Female,4,1.5,71.4,6,Good,6,High School,Good,7,Yes,88.2,46,42,73
S1818,20,Male,2,3.2,83.0,4,Fair,6,Bachelor,Poor,1,Yes,48.5,64,87,81
S1819,17,Male,4,2.7,74.6,3,Fair,0,Bachelor,Good,3,No,67.3,84,89,64
S1820,23,Male,2,2.8,90.7,6,Fair,1,Master,Poor,5,No,50.7,43,66,93
S1821,20,Male,1,4.0,81.7,7,Good,3,Master,Poor,4,No,35.4,75,85,65
S1822,22,Female,2,3.4,79.8,9,Poor,0,Bachelor,Good,2,No,49.1,45,78,54
S1823,23,Male,4,2.8,93.5,6,Fair,4,High School,Good,1,No,85.4,99,52,49
S1824,24,Other,4,0.5,85.3,7,Poor,0,None,Average,4,No,83.9,70,56,80
S1825,20,Male,4,1.3,90.2,6,Good,0,High School,Average,7,No,90.4,58,71,50
S1826,19,Male,4,2.4,75.2,6,Poor,4,High School,Good,4,No,87.8,83,90,70
S1827,18,Female,4,2.6,71.0,8,Good,5,Bachelor,Average,9,No,87.5,93,93,48
S1828,23,Female,2,1.1,86.1,4,Fair,6,Bachelor,Good,8,No,58.2,78,37,83
S1829,24,Female,4,5.4,81.8,7,Poor,3,None,Good,8,Yes,73.2,66,62,83
S1830,21,Female,4,4.3,91.3,9,Good,5,Bachelor,Good,5,No,83.5,49,69,94
S1831,21,Female,4,3.2,84.2,6,Poor,5,High School,Average,1,Yes,77.6,65,95,79
S1832,19,Male,5,2.6,87.1,8,Fair,5,High School,Average,9,Yes,98.4,58,88,45
S1833,20,Other,4,2.2,68.8,5,Poor,6,Bachelor,Good,2,No,78.5,78,97,68
S1834,17,Other,4,1.4,100.0,6,Fair,2,High School,Poor,6,Yes,81.1,42,41,80
S1835,20,Female,5,2.6,83.4,6,Fair,6,High School,Average,10,No,100.0,84,83,50
S1836,19,Male,3,2.8,92.0,3,Fair,5,None,Poor,5,Yes,58.7,52,65,85
S1837,21,Female,2,1.0,76.6,5,Poor,2,High School,Poor,10,No,62.6,89,92,98
S1838,20,Male,3,2.9,88.1,5,Fair,4,Bachelor,Average,8,Yes,60.3,67,95,90
S1839,21,Male,2,2.3,72.0,7,Good,6,Master,Average,3,No,63.9,97,58,88
S1840,23,Male,2,0.2,89.5,7,Good,3,High School,Good,6,Yes,80.0,59,54,75
S1841,24,Male,3,1.5,81.4,6,Fair,5,High School,Average,6,No,62.6,67,71,64
S1842,17,Female,2,2.0,85.3,7,Fair,1,Bachelor,Average,10,No,71.4,47,38,68
S1843,23,Female,3,4.8,92.0,6,Fair,4,Master,Poor,3,No,60.6,80,54,69
S1844,21,Female,0,3.2,72.7,7,Fair,2,High School,Good,7,Yes,47.2,78,94,80
S1845,21,Male,3,0.9,78.2,6,Poor,6,High School,Average,4,Yes,78.1,40,58,65
S1846,18,Male,3,3.1,89.6,6,Fair,3,Bachelor,Good,5,Yes,75.5,42,84,74
S1847,18,Male,2,0.6,100.0,6,Fair,0,Bachelor,Good,9,No,73.5,52,83,68
S1848,23,Other,4,3.8,83.6,7,Fair,3,High School,Poor,6,No,74.6,67,85,88
S1849,22,Male,4,1.9,90.9,6,Fair,3,Bachelor,Average,10,No,98.7,96,70,86
S1850,23,Female,1,2.4,83.9,7,Good,5,High School,Average,4,Yes,49.2,99,68,74
S1851,18,Female,2,4.1,100.0,5,Poor,5,Bachelor,Good,8,No,67.4,88,70,66
S1852,21,Male,2,1.0,67.5,5,Good,6,Bachelor,Good,9,No,72.5,64,40,72
S1853,19,Female,2,0.8,85.9,7,Good,6,Master,Good,10,Yes,68.4,95,73,51
S1854,23,Female,4,1.8,68.7,6,Fair,2,High School,Average,5,No,70.0,72,76,79
S1855,21,Female,3,3.7,59.9,6,Fair,6,High School,Good,2,No,56.1,77,92,99
S1856,19,Female,3,0.7,88.0,7,Fair,2,High School,Poor,6,Yes,81.5,92,46,72
S1857,19,Male,0,0.0,86.4,5,Poor,5,Master,Poor,8,Yes,45.0,45,37,58
S1858,18,Male,4,2.0,82.2,6,Fair,5,High School,Good,5,Yes,84.4,97,52,54
S1859,23,Female,1,3.2,83.9,8,Good,1,High School,Good,1,No,36.8,83,74,60
S1860,20,Female,3,3.9,100.0,8,Poor,1,High School,Poor,8,Yes,65.6,84,55,60
S1861,17,Male,3,1.9,82.4,8,Fair,4,Bachelor,Poor,9,Yes,93.5,71,49,98
S1862,18,Female,5,2.0,90.1,6,Good,5,High School,Poor,1,No,93.7,84,60,75
S1863,18,Female,1,3.9,78.5,8,Good,0,High School,Poor,8,Yes,42.3,86,42,86
S1864,20,Female,0,0.3,88.0,5,Fair,1,High School,Average,10,Yes,53.3,60,76,69
S1865,17,Male,3,2.0,82.6,5,Good,2,Master,Good,2,No,65.9,55,78,57
S1866,21,Female,6,2.7,80.9,3,Fair,3,Bachelor,Good,4,Yes,87.9,93,48,50
S1867,22,Female,5,3.0,100.0,8,Poor,6,Bachelor,Good,2,No,94.5,60,36,88
S1868,23,Male,3,1.9,96.8,5,Fair,6,Master,Good,2,No,77.8,50,71,53
S1869,22,Male,2,2.5,86.4,6,Fair,4,Master,Average,10,No,74.6,99,72,89
S1870,21,Other,4,0.0,62.0,5,Good,1,High School,Good,3,No,67.5,76,75,80
S1871,24,Male,2,1.7,81.4,7,Poor,3,Master,Good,8,Yes,66.5,75,96,87
S1872,18,Female,4,3.0,100.0,6,Fair,3,None,Average,4,No,78.4,74,94,64
S1873,17,Female,4,1.3,82.7,4,Fair,1,High School,Good,7,No,84.9,58,48,62
S1874,18,Male,5,2.6,96.0,7,Fair,0,Master,Average,10,No,96.6,59,36,87
S1875,19,Female,7,3.0,99.4,4,Poor,0,High School,Good,3,No,100.0,96,51,65
S1876,18,Male,4,2.1,87.2,5,Fair,4,High School,Good,10,No,83.1,57,62,48
S1877,18,Female,2,2.7,76.6,4,Good,0,High School,Average,3,No,36.9,86,69,94
S1878,21,Male,3,1.3,60.6,4,Fair,4,Bachelor,Good,2,No,60.0,80,39,77
S1879,21,Female,0,2.3,91.8,6,Fair,2,High School,Poor,6,No,44.3,88,99,71
S1880,21,Male,2,3.2,76.9,4,Fair,1,Bachelor,Good,6,No,41.6,53,74,51
S1881,22,Male,2,2.7,86.8,4,Fair,3,Master,Average,1,No,45.5,54,90,50
S1882,19,Other,2,1.8,72.5,6,Fair,4,Bachelor,Poor,7,No,68.2,70,70,59
S1883,24,Male,3,2.8,82.3,5,Good,6,High School,Average,4,No,75.5,40,79,62
S1884,24,Female,2,3.4,85.3,8,Good,0,Master,Good,3,No,40.9,92,57,76
S1885,21,Male,5,0.0,87.7,8,Fair,6,High School,Poor,8,No,100.0,93,81,55
S1886,17,Female,3,3.9,73.9,5,Fair,4,High School,Good,2,Yes,65.6,93,65,64
S1887,22,Male,3,2.1,97.0,7,Good,5,None,Poor,9,No,75.9,42,45,68
S1888,20,Other,3,3.0,79.0,7,Fair,4,Bachelor,Good,8,Yes,69.8,55,44,59
S1889,17,Male,3,3.9,68.3,5,Fair,0,High School,Good,8,No,66.6,62,48,92
S1890,23,Male,4,0.9,83.9,4,Fair,5,High School,Average,3,No,84.5,96,44,51
S1891,23,Male,2,1.6,85.3,6,Good,5,High School,Average,4,Yes,65.6,50,35,65
S1892,17,Male,2,2.2,86.6,6,Fair,0,High School,Good,2,No,46.8,51,39,86
S1893,21,Female,3,1.6,98.6,6,Good,5,Bachelor,Good,2,No,67.7,49,54,70
S1894,20,Male,1,4.6,82.6,7,Good,1,Bachelor,Good,4,Yes,45.4,71,42,88
S1895,20,Female,2,1.5,83.8,5,Fair,3,Bachelor,Average,6,No,57.0,55,77,58
S1896,22,Male,2,1.8,74.0,5,Good,6,High School,Average,5,No,58.4,47,35,81
S1897,20,Male,4,2.7,93.2,6,Good,1,High School,Good,1,Yes,70.8,77,91,65
S1898,23,Female,3,1.1,86.8,7,Fair,1,Master,Average,10,No,75.7,51,98,62
S1899,19,Female,3,2.0,80.8,5,Poor,0,None,Average,1,No,55.7,63,62,49
S1900,21,Male,4,2.9,66.0,7,Poor,0,Master,Average,6,Yes,82.1,67,71,47
S1901,20,Male,3,2.1,99.4,4,Fair,6,High School,Good,3,Yes,71.4,92,81,67
S1902,22,Male,4,2.4,72.7,5,Fair,3,Master,Good,3,No,66.7,47,71,70
S1903,23,Female,3,1.9,79.1,6,Fair,4,High School,Average,7,No,70.9,97,83,81
S1904,19,Female,3,0.7,88.6,5,Poor,1,High School,Poor,1,Yes,73.0,67,78,68
S1905,18,Male,2,2.9,73.0,5,Good,5,Bachelor,Poor,1,Yes,53.9,75,90,93
S1906,18,Female,0,4.6,70.1,8,Fair,3,Bachelor,Average,10,No,43.4,65,62,63
S1907,19,Female,3,2.5,63.8,5,Fair,1,High School,Average,3,No,55.4,47,40,95
S1908,23,Female,5,2.8,92.2,9,Fair,4,Bachelor,Good,8,No,100.0,97,95,69
S1909,22,Female,4,3.3,79.5,7,Fair,5,Bachelor,Average,1,No,71.8,99,54,65
S1910,19,Male,4,1.0,100.0,6,Fair,1,None,Average,10,No,89.2,89,36,56
S1911,21,Male,5,4.5,75.1,7,Fair,2,None,Good,4,No,83.9,67,71,85
S1912,21,Male,3,2.7,75.8,9,Poor,6,High School,Average,9,No,89.1,67,54,77
S1913,18,Male,3,4.5,79.3,5,Good,3,High School,Good,4,No,53.5,76,60,94
S1914,20,Female,2,1.6,87.4,5,Good,6,Bachelor,Poor,10,No,72.9,80,63,97
S1915,22,Female,3,4.7,80.3,5,Fair,0,High School,Average,8,No,61.0,75,35,48
S1916,18,Male,4,3.4,91.1,6,Good,1,High School,Good,7,No,69.1,66,69,86
S1917,20,Male,5,3.2,75.2,4,Good,5,High School,Good,3,No,77.2,93,93,51
S1918,20,Male,3,2.8,71.2,6,Poor,5,Bachelor,Average,7,No,71.9,56,67,66
S1919,24,Female,2,2.2,67.0,8,Good,3,High School,Good,7,Yes,74.7,48,85,99
S1920,21,Male,3,3.9,62.8,6,Good,3,None,Good,10,No,74.5,72,46,77
S1921,23,Female,4,2.7,79.8,6,Fair,6,None,Average,3,No,85.4,92,54,61
S1922,17,Male,1,0.1,82.0,5,Poor,5,Master,Average,2,Yes,44.3,59,87,68
S1923,23,Male,0,1.2,78.7,7,Poor,5,High School,Good,9,No,53.4,52,77,78
S1924,17,Other,2,2.3,97.4,5,Poor,5,Bachelor,Average,1,Yes,57.4,67,84,72
S1925,19,Other,1,2.9,97.3,8,Good,1,None,Good,7,No,53.6,87,63,87
S1926,21,Male,2,2.4,81.7,8,Fair,5,High School,Good,4,Yes,58.8,68,91,85
S1927,20,Female,3,4.0,67.1,6,Good,0,Bachelor,Good,2,No,43.5,52,73,83
S1928,22,Female,2,0.2,79.3,6,Good,5,High School,Average,2,No,65.6,85,90,66
S1929,17,Female,5,2.7,79.0,7,Good,0,Master,Average,8,Yes,89.8,74,77,93
S1930,23,Male,4,0.3,78.4,7,Good,1,Master,Good,7,No,89.5,45,84,61
S1931,20,Female,4,3.4,78.0,5,Poor,3,Bachelor,Average,7,Yes,68.8,57,57,78
S1932,17,Female,4,2.4,78.5,5,Fair,0,Bachelor,Average,5,No,76.8,90,78,50
S1933,17,Female,1,3.0,81.1,4,Good,1,High School,Average,10,No,47.5,44,72,90
S1934,24,Male,5,1.5,78.6,7,Poor,5,High School,Poor,8,Yes,89.3,86,57,50
S1935,17,Male,3,4.0,87.1,7,Poor,1,Master,Good,2,No,62.0,64,79,78
S1936,22,Male,4,3.8,88.6,4,Good,5,Bachelor,Average,2,Yes,66.1,41,86,45
S1937,21,Female,1,3.2,75.9,6,Good,6,Bachelor,Good,5,No,41.7,49,84,54
S1938,22,Male,1,2.3,97.7,4,Fair,1,High School,Poor,1,No,28.0,95,42,65
S1939,18,Female,4,3.2,75.2,5,Good,3,None,Good,6,No,71.0,69,35,49
S1940,20,Other,4,1.7,68.8,7,Good,0,Master,Average,4,No,67.5,89,42,46
S1941,21,Male,2,3.5,88.8,5,Fair,6,High School,Good,6,No,63.4,98,63,66
S1942,24,Female,2,4.5,76.8,6,Poor,3,High School,Good,7,No,50.2,84,39,92
S1943,21,Male,5,3.8,88.2,4,Good,2,High School,Poor,3,No,72.0,44,81,46
S1944,21,Female,1,1.6,61.0,6,Fair,5,Bachelor,Good,8,Yes,67.9,94,68,54
S1945,23,Male,6,2.9,98.9,6,Poor,0,None,Average,7,No,100.0,95,99,78
S1946,21,Female,2,0.9,91.7,5,Fair,3,Bachelor,Good,1,Yes,55.0,72,89,60
S1947,24,Female,4,3.2,70.0,6,Good,0,High School,Good,6,Yes,59.9,93,77,92
S1948,22,Female,3,3.0,70.2,6,Fair,2,Master,Good,7,No,63.2,40,64,95
S1949,21,Female,4,0.3,100.0,5,Fair,4,Bachelor,Good,4,No,84.5,57,51,83
S1950,19,Female,2,1.1,77.6,4,Fair,5,High School,Average,2,No,50.8,71,60,66
S1951,20,Female,3,2.2,76.7,8,Good,5,Bachelor,Poor,10,No,94.0,86,42,56
S1952,21,Female,3,2.1,62.3,5,Poor,1,High School,Average,9,No,65.6,88,81,68
S1953,20,Female,2,1.0,81.5,6,Fair,5,High School,Average,7,No,61.7,50,80,91
S1954,19,Male,4,3.0,82.7,7,Good,5,Master,Good,1,Yes,66.0,60,67,84
S1955,19,Female,2,2.8,92.2,10,Poor,3,High School,Average,8,No,86.9,65,35,82
S1956,20,Female,3,2.3,71.0,5,Good,6,High School,Good,3,No,59.6,64,53,54
S1957,17,Female,2,1.6,69.8,7,Good,5,High School,Average,4,No,49.1,61,65,79
S1958,18,Male,0,3.8,89.5,5,Good,5,High School,Average,5,No,31.1,98,48,95
S1959,23,Female,3,4.5,95.1,5,Fair,2,Master,Good,1,No,45.7,66,87,93
S1960,17,Male,7,1.9,69.3,5,Good,6,High School,Average,6,No,100.0,88,82,76
S1961,17,Female,4,1.8,95.8,5,Good,2,Master,Good,10,No,81.1,52,96,51
S1962,22,Male,3,3.1,85.4,6,Good,0,Master,Average,6,No,55.1,72,98,65
S1963,23,Female,3,2.1,95.9,4,Poor,0,High School,Good,2,No,53.3,73,97,64
S1964,23,Other,3,2.3,84.3,7,Good,5,High School,Poor,10,Yes,89.1,80,67,70
S1965,17,Male,4,3.4,59.8,6,Fair,5,Master,Average,6,Yes,77.3,74,75,48
S1966,21,Other,1,0.2,83.5,7,Poor,1,High School,Good,8,Yes,56.4,40,82,90
S1967,22,Male,5,4.1,95.6,5,Fair,0,None,Good,6,No,76.1,60,47,96
S1968,22,Female,4,2.6,76.1,6,Good,3,High School,Average,4,No,74.6,87,65,66
S1969,19,Female,4,2.0,81.1,6,Fair,5,Bachelor,Average,4,No,83.0,94,38,59
S1970,24,Female,4,2.4,83.2,5,Fair,3,Bachelor,Average,9,Yes,85.9,45,53,84
S1971,23,Female,3,2.5,56.0,6,Good,5,High School,Average,6,No,64.5,67,47,65
S1972,17,Female,4,0.4,100.0,5,Fair,3,High School,Good,8,No,91.9,56,57,59
S1973,19,Male,4,4.3,76.0,5,Good,4,Master,Good,8,No,74.6,44,35,66
S1974,20,Male,3,2.5,90.1,4,Fair,3,Bachelor,Poor,7,No,70.9,70,88,96
S1975,18,Female,2,3.0,84.1,8,Fair,6,Bachelor,Average,3,No,66.7,44,49,72
S1976,24,Female,3,3.6,97.6,5,Good,0,Bachelor,Good,10,Yes,77.4,77,99,58
S1977,24,Female,5,1.3,89.1,7,Good,5,High School,Average,1,Yes,99.0,42,49,71
S1978,24,Female,1,3.1,82.7,7,Fair,0,Bachelor,Good,5,Yes,43.5,92,55,85
S1979,22,Male,1,2.2,76.1,5,Good,6,High School,Poor,10,No,53.4,62,53,84
S1980,20,Female,3,3.5,93.0,5,Poor,6,High School,Good,10,Yes,81.0,76,94,72
S1981,24,Male,3,0.0,66.3,9,Fair,3,Bachelor,Average,2,No,66.2,92,67,70
S1982,20,Female,3,2.4,91.5,8,Fair,2,High School,Good,10,No,88.0,76,83,93
S1983,21,Male,3,1.8,74.0,6,Poor,2,Master,Average,2,No,64.4,49,69,46
S1984,24,Male,3,3.0,97.5,6,Fair,6,High School,Average,7,No,82.4,49,78,69
S1985,18,Male,5,3.1,86.6,5,Fair,2,Master,Good,3,Yes,80.9,58,45,47
S1986,20,Male,1,1.7,91.4,7,Poor,5,Master,Poor,8,No,59.6,56,80,52
S1987,20,Female,2,1.6,85.8,5,Fair,1,High School,Average,9,No,56.2,60,43,88
S1988,18,Male,3,2.4,67.5,4,Fair,4,Bachelor,Average,8,Yes,72.5,53,37,77
S1989,24,Male,1,1.4,76.4,4,Fair,3,High School,Average,6,No,47.6,48,60,86
S1990,18,Male,3,3.5,91.7,6,Good,1,Master,Good,5,No,63.6,85,82,96
S1991,20,Male,6,2.1,86.7,5,Good,2,High School,Good,3,No,85.3,40,62,79
S1992,18,Male,3,0.0,96.8,6,Fair,3,Bachelor,Poor,3,No,71.8,90,60,50
S1993,20,Male,3,2.1,89.0,5,Good,1,High School,Good,7,No,70.9,84,59,83
S1994,20,Female,1,1.3,75.3,5,Good,0,High School,Average,5,No,41.7,52,46,96
S1995,21,Female,2,0.5,77.0,7,Fair,2,High School,Good,6,Yes,76.1,43,39,67
S1996,17,Female,2,1.0,86.0,6,Poor,1,High School,Average,6,Yes,65.9,40,82,69
S1997,20,Male,3,2.6,61.9,6,Good,5,Bachelor,Good,9,Yes,64.4,88,71,94
S1998,24,Male,5,4.1,100.0,7,Fair,0,Bachelor,Average,1,No,69.7,79,78,87
S1999,19,Female,4,2.9,89.4,7,Good,2,Bachelor,Average,8,No,74.9,71,49,63
